0,0,1,0,1,0,-1,0,0,0,0,0.5,0
0,0,1,0,1,0,-1,0,0,1.8813e-05,0,0.49999,0
0,0,1,0,1,0,-1,0,0,7.5125e-05,0,0.49998,0
0,0,1,0,1,0,-1,0,0,0.00016875,0,0.49995,0
0,0,1,0,1,0,-1,0,0,0.00029949,0,0.49992,0
0,0,1,0,1,0,-1,0,0,0.00046717,0,0.49987,0
0,0,1,0,1,0,-1,0,0,0.00067159,0,0.49982,0
0,0,1,0,1,0,-1,0,0,0.00091256,0,0.49975,0
0,0,1,0,1,0,-1,0,0,0.0011899,0,0.49967,0
0,0,1,0,1,0,-1,0,0,0.0015034,0,0.49959,0
0,0,1,0,1,0,-1,0,0,0.0018529,0,0.49949,0
0,0,1,0,1,0,-1,0,0,0.0022382,0,0.49938,0
0,0,1,0,1,0,-1,0,0,0.0026591,0,0.49927,0
0,0,1,0,1,0,-1,0,0,0.0031155,0,0.49914,0
0,0,1,0,1,0,-1,0,0,0.003607,0,0.49901,0
0,0,1,0,1,0,-1,0,0,0.0041337,0,0.49886,0
0,0,1,0,1,0,-1,0,0,0.0046951,0,0.49871,0
0,0,1,0,1,0,-1,0,0,0.0052913,0,0.49854,0
0,0,1,0,1,0,-1,0,0,0.0059219,0,0.49837,0
0,0,1,0,1,0,-1,0,0,0.0065868,0,0.49819,0
0,0,1,0,1,0,-1,0,0,0.0072858,0,0.498,0
0,0,1,0,1,0,-1,0,0,0.0080187,0,0.49779,0
0,0,1,0,1,0,-1,0,0,0.0087853,0,0.49758,0
0,0,1,0,1,0,-1,0,0,0.0095854,0,0.49736,0
0,0,1,0,1,0,-1,0,0,0.010419,0,0.49713,0
0,0,1,0,1,0,-1,0,0,0.011286,0,0.4969,0
0,0,1,0,1,0,-1,0,0,0.012185,0,0.49665,0
0,0,1,0,1,0,-1,0,0,0.013118,0,0.49639,0
0,0,1,0,1,0,-1,0,0,0.014083,0,0.49613,0
0,0,1,0,1,0,-1,0,0,0.01508,0,0.49585,0
0,0,1,0,1,0,-1,0,0,0.01611,0,0.49557,0
0,0,1,0,1,0,-1,0,0,0.017171,0,0.49528,0
0,0,1,0,1,0,-1,0,0,0.018265,0,0.49498,0
0,0,1,0,1,0,-1,0,0,0.01939,0,0.49467,0
0,0,1,0,1,0,-1,0,0,0.020546,0,0.49435,0
0,0,1,0,1,0,-1,0,0,0.021734,0,0.49402,0
0,0,1,0,1,0,-1,0,0,0.022953,0,0.49369,0
0,0,1,0,1,0,-1,0,0,0.024203,0,0.49334,0
0,0,1,0,1,0,-1,0,0,0.025483,0,0.49299,0
0,0,1,0,1,0,-1,0,0,0.026794,0,0.49263,0
0,0,1,0,1,0,-1,0,0,0.028135,0,0.49226,0
0,0,1,0,1,0,-1,0,0,0.029507,0,0.49189,0
0,0,1,0,1,0,-1,0,0,0.030908,0,0.4915,0
0,0,1,0,1,0,-1,0,0,0.032339,0,0.49111,0
0,0,1,0,1,0,-1,0,0,0.0338,0,0.4907,0
0,0,1,0,1,0,-1,0,0,0.03529,0,0.4903,0
0,0,1,0,1,0,-1,0,0,0.036809,0,0.48988,0
0,0,1,0,1,0,-1,0,0,0.038358,0,0.48945,0
0,0,1,0,1,0,-1,0,0,0.039935,0,0.48902,0
0,0,1,0,1,0,-1,0,0,0.04154,0,0.48858,0
0,0,1,0,1,0,-1,0,0,0.043175,0,0.48813,0
0,0,1,0,1,0,-1,0,0,0.044837,0,0.48767,0
0,0,1,0,1,0,-1,0,0,0.046527,0,0.4872,0
0,0,1,0,1,0,-1,0,0,0.048246,0,0.48673,0
0,0,1,0,1,0,-1,0,0,0.049992,0,0.48625,0
0,0,1,0,1,0,-1,0,0,0.051765,0,0.48576,0
0,0,1,0,1,0,-1,0,0,0.053566,0,0.48527,0
0,0,1,0,1,0,-1,0,0,0.055394,0,0.48477,0
0,0,1,0,1,0,-1,0,0,0.057248,0,0.48426,0
0,0,1,0,1,0,-1,0,0,0.05913,0,0.48374,0
0,0,1,0,1,0,-1,0,0,0.061038,0,0.48321,0
0,0,1,0,1,0,-1,0,0,0.062972,0,0.48268,0
0,0,1,0,1,0,-1,0,0,0.064933,0,0.48214,0
0,0,1,0,1,0,-1,0,0,0.066919,0,0.4816,0
0,0,1,0,1,0,-1,0,0,0.068932,0,0.48104,0
0,0,1,0,1,0,-1,0,0,0.07097,0,0.48048,0
0,0,1,0,1,0,-1,0,0,0.073033,0,0.47992,0
0,0,1,0,1,0,-1,0,0,0.075121,0,0.47934,0
0,0,1,0,1,0,-1,0,0,0.077235,0,0.47876,0
0,0,1,0,1,0,-1,0,0,0.079373,0,0.47817,0
0,0,1,0,1,0,-1,0,0,0.081537,0,0.47758,0
0,0,1,0,1,0,-1,0,0,0.083724,0,0.47698,0
0,0,1,0,1,0,-1,0,0,0.085936,0,0.47637,0
0,0,1,0,1,0,-1,0,0,0.088172,0,0.47575,0
0,0,1,0,1,0,-1,0,0,0.090432,0,0.47513,0
0,0,1,0,1,0,-1,0,0,0.092715,0,0.4745,0
0,0,1,0,1,0,-1,0,0,0.095022,0,0.47387,0
0,0,1,0,1,0,-1,0,0,0.097352,0,0.47323,0
0,0,1,0,1,0,-1,0,0,0.099706,0,0.47258,0
0,0,1,0,1,0,-1,0,0,0.10208,0,0.47193,0
0,0,1,0,1,0,-1,0,0,0.10448,0,0.47127,0
0,0,1,0,1,0,-1,0,0,0.1069,0,0.4706,0
0,0,1,0,1,0,-1,0,0,0.10935,0,0.46993,0
0,0,1,0,1,0,-1,0,0,0.11181,0,0.46925,0
0,0,1,0,1,0,-1,0,0,0.1143,0,0.46857,0
0,0,1,0,1,0,-1,0,0,0.11681,0,0.46788,0
0,0,1,0,1,0,-1,0,0,0.11934,0,0.46718,0
0,0,1,0,1,0,-1,0,0,0.1219,0,0.46648,0
0,0,1,0,1,0,-1,0,0,0.12447,0,0.46577,0
0,0,1,0,1,0,-1,0,0,0.12707,0,0.46506,0
0,0,1,0,1,0,-1,0,0,0.12968,0,0.46434,0
0,0,1,0,1,0,-1,0,0,0.13232,0,0.46361,0
0,0,1,0,1,0,-1,0,0,0.13498,0,0.46288,0
0,0,1,0,1,0,-1,0,0,0.13766,0,0.46214,0
0,0,1,0,1,0,-1,0,0,0.14036,0,0.4614,0
0,0,1,0,1,0,-1,0,0,0.14307,0,0.46065,0
0,0,1,0,1,0,-1,0,0,0.14581,0,0.4599,0
0,0,1,0,1,0,-1,0,0,0.14857,0,0.45914,0
0,0,1,0,1,0,-1,0,0,0.15134,0,0.45838,0
0,0,1,0,1,0,-1,0,0,0.15414,0,0.45761,0
0,0,1,0,1,0,-1,0,0,0.15696,0,0.45684,0
0,0,1,0,1,0,-1,0,0,0.15979,0,0.45606,0
0,0,1,0,1,0,-1,0,0,0.16264,0,0.45527,0
0,0,1,0,1,0,-1,0,0,0.16551,0,0.45448,0
0,0,1,0,1,0,-1,0,0,0.1684,0,0.45369,0
0,0,1,0,1,0,-1,0,0,0.17131,0,0.45289,0
0,0,1,0,1,0,-1,0,0,0.17423,0,0.45209,0
0,0,1,0,1,0,-1,0,0,0.17717,0,0.45128,0
0,0,1,0,1,0,-1,0,0,0.18013,0,0.45046,0
0,0,1,0,1,0,-1,0,0,0.18311,0,0.44964,0
0,0,1,0,1,0,-1,0,0,0.18611,0,0.44882,0
0,0,1,0,1,0,-1,0,0,0.18912,0,0.44799,0
0,0,1,0,1,0,-1,0,0,0.19215,0,0.44716,0
0,0,1,0,1,0,-1,0,0,0.19519,0,0.44632,0
0,0,1,0,1,0,-1,0,0,0.19825,0,0.44548,0
0,0,1,0,1,0,-1,0,0,0.20133,0,0.44463,0
0,0,1,0,1,0,-1,0,0,0.20442,0,0.44378,0
0,0,1,0,1,0,-1,0,0,0.20753,0,0.44293,0
0,0,1,0,1,0,-1,0,0,0.21065,0,0.44207,0
0,0,1,0,1,0,-1,0,0,0.21379,0,0.44121,0
0,0,1,0,1,0,-1,0,0,0.21695,0,0.44034,0
0,0,1,0,1,0,-1,0,0,0.22012,0,0.43947,0
0,0,1,0,1,0,-1,0,0,0.2233,0,0.43859,0
0,0,1,0,1,0,-1,0,0,0.2265,0,0.43771,0
0,0,1,0,1,0,-1,0,0,0.22972,0,0.43683,0
0,0,1,0,1,0,-1,0,0,0.23294,0,0.43594,0
0,0,1,0,1,0,-1,0,0,0.23619,0,0.43505,0
0,0,1,0,1,0,-1,0,0,0.23944,0,0.43415,0
0,0,1,0,1,0,-1,0,0,0.24271,0,0.43325,0
0,0,1,0,1,0,-1,0,0,0.246,0,0.43235,0
0,0,1,0,1,0,-1,0,0,0.24929,0,0.43144,0
0,0,1,0,1,0,-1,0,0,0.2526,0,0.43053,0
0,0,1,0,1,0,-1,0,0,0.25592,0,0.42962,0
0,0,1,0,1,0,-1,0,0,0.25926,0,0.4287,0
0,0,1,0,1,0,-1,0,0,0.26261,0,0.42778,0
0,0,1,0,1,0,-1,0,0,0.26597,0,0.42686,0
0,0,1,0,1,0,-1,0,0,0.26934,0,0.42593,0
0,0,1,0,1,0,-1,0,0,0.27272,0,0.425,0
0,0,1,0,1,0,-1,0,0,0.27612,0,0.42407,0
0,0,1,0,1,0,-1,0,0,0.27953,0,0.42313,0
0,0,1,0,1,0,-1,0,0,0.28295,0,0.42219,0
0,0,1,0,1,0,-1,0,0,0.28638,0,0.42125,0
0,0,1,0,1,0,-1,0,0,0.28982,0,0.4203,0
0,0,1,0,1,0,-1,0,0,0.29327,0,0.41935,0
0,0,1,0,1,0,-1,0,0,0.29674,0,0.4184,0
0,0,1,0,1,0,-1,0,0,0.30021,0,0.41744,0
0,0,1,0,1,0,-1,0,0,0.30369,0,0.41648,0
0,0,1,0,1,0,-1,0,0,0.30719,0,0.41552,0
0,0,1,0,1,0,-1,0,0,0.31069,0,0.41456,0
0,0,1,0,1,0,-1,0,0,0.31421,0,0.41359,0
0,0,1,0,1,0,-1,0,0,0.31773,0,0.41262,0
0,0,1,0,1,0,-1,0,0,0.32126,0,0.41165,0
0,0,1,0,1,0,-1,0,0,0.3248,0,0.41068,0
0,0,1,0,1,0,-1,0,0,0.32835,0,0.4097,0
0,0,1,0,1,0,-1,0,0,0.33191,0,0.40872,0
0,0,1,0,1,0,-1,0,0,0.33548,0,0.40774,0
0,0,1,0,1,0,-1,0,0,0.33906,0,0.40676,0
0,0,1,0,1,0,-1,0,0,0.34264,0,0.40577,0
0,0,1,0,1,0,-1,0,0,0.34624,0,0.40479,0
0,0,1,0,1,0,-1,0,0,0.34984,0,0.4038,0
0,0,1,0,1,0,-1,0,0,0.35344,0,0.4028,0
0,0,1,0,1,0,-1,0,0,0.35706,0,0.40181,0
0,0,1,0,1,0,-1,0,0,0.36068,0,0.40081,0
0,0,1,0,1,0,-1,0,0,0.36431,0,0.39981,0
0,0,1,0,1,0,-1,0,0,0.36795,0,0.39881,0
0,0,1,0,1,0,-1,0,0,0.37159,0,0.39781,0
0,0,1,0,1,0,-1,0,0,0.37524,0,0.39681,0
0,0,1,0,1,0,-1,0,0,0.3789,0,0.3958,0
0,0,1,0,1,0,-1,0,0,0.38256,0,0.3948,0
0,0,1,0,1,0,-1,0,0,0.38623,0,0.39379,0
0,0,1,0,1,0,-1,0,0,0.38991,0,0.39278,0
0,0,1,0,1,0,-1,0,0,0.39359,0,0.39176,0
0,0,1,0,1,0,-1,0,0,0.39727,0,0.39075,0
0,0,1,0,1,0,-1,0,0,0.40096,0,0.38974,0
0,0,1,0,1,0,-1,0,0,0.40466,0,0.38872,0
0,0,1,0,1,0,-1,0,0,0.40836,0,0.3877,0
0,0,1,0,1,0,-1,0,0,0.41206,0,0.38668,0
0,0,1,0,1,0,-1,0,0,0.41577,0,0.38566,0
0,0,1,0,1,0,-1,0,0,0.41949,0,0.38464,0
0,0,1,0,1,0,-1,0,0,0.4232,0,0.38362,0
0,0,1,0,1,0,-1,0,0,0.42693,0,0.3826,0
0,0,1,0,1,0,-1,0,0,0.43065,0,0.38157,0
0,0,1,0,1,0,-1,0,0,0.43438,0,0.38055,0
0,0,1,0,1,0,-1,0,0,0.43811,0,0.37952,0
0,0,1,0,1,0,-1,0,0,0.44185,0,0.37849,0
0,0,1,0,1,0,-1,0,0,0.44558,0,0.37746,0
0,0,1,0,1,0,-1,0,0,0.44933,0,0.37644,0
0,0,1,0,1,0,-1,0,0,0.45307,0,0.37541,0
0,0,1,0,1,0,-1,0,0,0.45681,0,0.37438,0
0,0,1,0,1,0,-1,0,0,0.46056,0,0.37335,0
0,0,1,0,1,0,-1,0,0,0.46431,0,0.37231,0
0,0,1,0,1,0,-1,0,0,0.46806,0,0.37128,0
0,0,1,0,1,0,-1,0,0,0.47182,0,0.37025,0
0,0,1,0,1,0,-1,0,0,0.47557,0,0.36922,0
0,0,1,0,1,0,-1,0,0,0.47933,0,0.36818,0
0,0,1,0,1,0,-1,0,0,0.48309,0,0.36715,0
0,0,1,0,1,0,-1,0,0,0.48684,0,0.36612,0
0,0,1,0,1,0,-1,0,0,0.4906,0,0.36508,0
0,0,1,0,1,0,-1,0,0,0.49436,0,0.36405,0
0,0,1,0,1,0,-1,0,0,0.49812,0,0.36302,0
0,0,1,0,1,0,-1,0,0,0.50188,0,0.36198,0
0,0,1,0,1,0,-1,0,0,0.50564,0,0.36095,0
0,0,1,0,1,0,-1,0,0,0.5094,0,0.35992,0
0,0,1,0,1,0,-1,0,0,0.51316,0,0.35888,0
0,0,1,0,1,0,-1,0,0,0.51691,0,0.35785,0
0,0,1,0,1,0,-1,0,0,0.52067,0,0.35682,0
0,0,1,0,1,0,-1,0,0,0.52443,0,0.35578,0
0,0,1,0,1,0,-1,0,0,0.52818,0,0.35475,0
0,0,1,0,1,0,-1,0,0,0.53194,0,0.35372,0
0,0,1,0,1,0,-1,0,0,0.53569,0,0.35269,0
0,0,1,0,1,0,-1,0,0,0.53944,0,0.35165,0
0,0,1,0,1,0,-1,0,0,0.54319,0,0.35062,0
0,0,1,0,1,0,-1,0,0,0.54693,0,0.34959,0
0,0,1,0,1,0,-1,0,0,0.55067,0,0.34856,0
0,0,1,0,1,0,-1,0,0,0.55442,0,0.34754,0
0,0,1,0,1,0,-1,0,0,0.55815,0,0.34651,0
0,0,1,0,1,0,-1,0,0,0.56189,0,0.34548,0
0,0,1,0,1,0,-1,0,0,0.56562,0,0.34445,0
0,0,1,0,1,0,-1,0,0,0.56935,0,0.34343,0
0,0,1,0,1,0,-1,0,0,0.57307,0,0.3424,0
0,0,1,0,1,0,-1,0,0,0.5768,0,0.34138,0
0,0,1,0,1,0,-1,0,0,0.58051,0,0.34036,0
0,0,1,0,1,0,-1,0,0,0.58423,0,0.33934,0
0,0,1,0,1,0,-1,0,0,0.58794,0,0.33832,0
0,0,1,0,1,0,-1,0,0,0.59164,0,0.3373,0
0,0,1,0,1,0,-1,0,0,0.59534,0,0.33628,0
0,0,1,0,1,0,-1,0,0,0.59904,0,0.33526,0
0,0,1,0,1,0,-1,0,0,0.60273,0,0.33425,0
0,0,1,0,1,0,-1,0,0,0.60641,0,0.33324,0
0,0,1,0,1,0,-1,0,0,0.61009,0,0.33222,0
0,0,1,0,1,0,-1,0,0,0.61377,0,0.33121,0
0,0,1,0,1,0,-1,0,0,0.61744,0,0.3302,0
0,0,1,0,1,0,-1,0,0,0.6211,0,0.3292,0
0,0,1,0,1,0,-1,0,0,0.62476,0,0.32819,0
0,0,1,0,1,0,-1,0,0,0.62841,0,0.32719,0
0,0,1,0,1,0,-1,0,0,0.63205,0,0.32619,0
0,0,1,0,1,0,-1,0,0,0.63569,0,0.32519,0
0,0,1,0,1,0,-1,0,0,0.63932,0,0.32419,0
0,0,1,0,1,0,-1,0,0,0.64294,0,0.32319,0
0,0,1,0,1,0,-1,0,0,0.64656,0,0.3222,0
0,0,1,0,1,0,-1,0,0,0.65016,0,0.3212,0
0,0,1,0,1,0,-1,0,0,0.65376,0,0.32021,0
0,0,1,0,1,0,-1,0,0,0.65736,0,0.31923,0
0,0,1,0,1,0,-1,0,0,0.66094,0,0.31824,0
0,0,1,0,1,0,-1,0,0,0.66452,0,0.31726,0
0,0,1,0,1,0,-1,0,0,0.66809,0,0.31628,0
0,0,1,0,1,0,-1,0,0,0.67165,0,0.3153,0
0,0,1,0,1,0,-1,0,0,0.6752,0,0.31432,0
0,0,1,0,1,0,-1,0,0,0.67874,0,0.31335,0
0,0,1,0,1,0,-1,0,0,0.68227,0,0.31238,0
0,0,1,0,1,0,-1,0,0,0.68579,0,0.31141,0
0,0,1,0,1,0,-1,0,0,0.68931,0,0.31044,0
0,0,1,0,1,0,-1,0,0,0.69281,0,0.30948,0
0,0,1,0,1,0,-1,0,0,0.69631,0,0.30852,0
0,0,1,0,1,0,-1,0,0,0.69979,0,0.30756,0
0,0,1,0,1,0,-1,0,0,0.70326,0,0.3066,0
0,0,1,0,1,0,-1,0,0,0.70673,0,0.30565,0
0,0,1,0,1,0,-1,0,0,0.71018,0,0.3047,0
0,0,1,0,1,0,-1,0,0,0.71362,0,0.30375,0
0,0,1,0,1,0,-1,0,0,0.71705,0,0.30281,0
0,0,1,0,1,0,-1,0,0,0.72047,0,0.30187,0
0,0,1,0,1,0,-1,0,0,0.72388,0,0.30093,0
0,0,1,0,1,0,-1,0,0,0.72728,0,0.3,0
0,0,1,0,1,0,-1,0,0,0.73066,0,0.29907,0
0,0,1,0,1,0,-1,0,0,0.73403,0,0.29814,0
0,0,1,0,1,0,-1,0,0,0.73739,0,0.29722,0
0,0,1,0,1,0,-1,0,0,0.74074,0,0.2963,0
0,0,1,0,1,0,-1,0,0,0.74408,0,0.29538,0
0,0,1,0,1,0,-1,0,0,0.7474,0,0.29447,0
0,0,1,0,1,0,-1,0,0,0.75071,0,0.29356,0
0,0,1,0,1,0,-1,0,0,0.754,0,0.29265,0
0,0,1,0,1,0,-1,0,0,0.75729,0,0.29175,0
0,0,1,0,1,0,-1,0,0,0.76056,0,0.29085,0
0,0,1,0,1,0,-1,0,0,0.76381,0,0.28995,0
0,0,1,0,1,0,-1,0,0,0.76706,0,0.28906,0
0,0,1,0,1,0,-1,0,0,0.77028,0,0.28817,0
0,0,1,0,1,0,-1,0,0,0.7735,0,0.28729,0
0,0,1,0,1,0,-1,0,0,0.7767,0,0.28641,0
0,0,1,0,1,0,-1,0,0,0.77988,0,0.28553,0
0,0,1,0,1,0,-1,0,0,0.78305,0,0.28466,0
0,0,1,0,1,0,-1,0,0,0.78621,0,0.28379,0
0,0,1,0,1,0,-1,0,0,0.78935,0,0.28293,0
0,0,1,0,1,0,-1,0,0,0.79247,0,0.28207,0
0,0,1,0,1,0,-1,0,0,0.79558,0,0.28122,0
0,0,1,0,1,0,-1,0,0,0.79867,0,0.28037,0
0,0,1,0,1,0,-1,0,0,0.80175,0,0.27952,0
0,0,1,0,1,0,-1,0,0,0.80481,0,0.27868,0
0,0,1,0,1,0,-1,0,0,0.80785,0,0.27784,0
0,0,1,0,1,0,-1,0,0,0.81088,0,0.27701,0
0,0,1,0,1,0,-1,0,0,0.81389,0,0.27618,0
0,0,1,0,1,0,-1,0,0,0.81689,0,0.27536,0
0,0,1,0,1,0,-1,0,0,0.81987,0,0.27454,0
0,0,1,0,1,0,-1,0,0,0.82283,0,0.27372,0
0,0,1,0,1,0,-1,0,0,0.82577,0,0.27291,0
0,0,1,0,1,0,-1,0,0,0.82869,0,0.27211,0
0,0,1,0,1,0,-1,0,0,0.8316,0,0.27131,0
0,0,1,0,1,0,-1,0,0,0.83449,0,0.27052,0
0,0,1,0,1,0,-1,0,0,0.83736,0,0.26973,0
0,0,1,0,1,0,-1,0,0,0.84021,0,0.26894,0
0,0,1,0,1,0,-1,0,0,0.84304,0,0.26816,0
0,0,1,0,1,0,-1,0,0,0.84586,0,0.26739,0
0,0,1,0,1,0,-1,0,0,0.84866,0,0.26662,0
0,0,1,0,1,0,-1,0,0,0.85143,0,0.26586,0
0,0,1,0,1,0,-1,0,0,0.85419,0,0.2651,0
0,0,1,0,1,0,-1,0,0,0.85693,0,0.26435,0
0,0,1,0,1,0,-1,0,0,0.85964,0,0.2636,0
0,0,1,0,1,0,-1,0,0,0.86234,0,0.26286,0
0,0,1,0,1,0,-1,0,0,0.86502,0,0.26212,0
0,0,1,0,1,0,-1,0,0,0.86768,0,0.26139,0
0,0,1,0,1,0,-1,0,0,0.87032,0,0.26066,0
0,0,1,0,1,0,-1,0,0,0.87293,0,0.25994,0
0,0,1,0,1,0,-1,0,0,0.87553,0,0.25923,0
0,0,1,0,1,0,-1,0,0,0.8781,0,0.25852,0
0,0,1,0,1,0,-1,0,0,0.88066,0,0.25782,0
0,0,1,0,1,0,-1,0,0,0.88319,0,0.25712,0
0,0,1,0,1,0,-1,0,0,0.8857,0,0.25643,0
0,0,1,0,1,0,-1,0,0,0.88819,0,0.25575,0
0,0,1,0,1,0,-1,0,0,0.89065,0,0.25507,0
0,0,1,0,1,0,-1,0,0,0.8931,0,0.2544,0
0,0,1,0,1,0,-1,0,0,0.89552,0,0.25373,0
0,0,1,0,1,0,-1,0,0,0.89792,0,0.25307,0
0,0,1,0,1,0,-1,0,0,0.90029,0,0.25242,0
0,0,1,0,1,0,-1,0,0,0.90265,0,0.25177,0
0,0,1,0,1,0,-1,0,0,0.90498,0,0.25113,0
0,0,1,0,1,0,-1,0,0,0.90728,0,0.2505,0
0,0,1,0,1,0,-1,0,0,0.90957,0,0.24987,0
0,0,1,0,1,0,-1,0,0,0.91183,0,0.24925,0
0,0,1,0,1,0,-1,0,0,0.91406,0,0.24863,0
0,0,1,0,1,0,-1,0,0,0.91628,0,0.24802,0
0,0,1,0,1,0,-1,0,0,0.91846,0,0.24742,0
0,0,1,0,1,0,-1,0,0,0.92063,0,0.24683,0
0,0,1,0,1,0,-1,0,0,0.92276,0,0.24624,0
0,0,1,0,1,0,-1,0,0,0.92488,0,0.24566,0
0,0,1,0,1,0,-1,0,0,0.92697,0,0.24508,0
0,0,1,0,1,0,-1,0,0,0.92903,0,0.24452,0
0,0,1,0,1,0,-1,0,0,0.93107,0,0.24396,0
0,0,1,0,1,0,-1,0,0,0.93308,0,0.2434,0
0,0,1,0,1,0,-1,0,0,0.93507,0,0.24286,0
0,0,1,0,1,0,-1,0,0,0.93703,0,0.24232,0
0,0,1,0,1,0,-1,0,0,0.93896,0,0.24179,0
0,0,1,0,1,0,-1,0,0,0.94087,0,0.24126,0
0,0,1,0,1,0,-1,0,0,0.94275,0,0.24074,0
0,0,1,0,1,0,-1,0,0,0.94461,0,0.24023,0
0,0,1,0,1,0,-1,0,0,0.94643,0,0.23973,0
0,0,1,0,1,0,-1,0,0,0.94823,0,0.23924,0
0,0,1,0,1,0,-1,0,0,0.95001,0,0.23875,0
0,0,1,0,1,0,-1,0,0,0.95175,0,0.23827,0
0,0,1,0,1,0,-1,0,0,0.95347,0,0.2378,0
0,0,1,0,1,0,-1,0,0,0.95516,0,0.23733,0
0,0,1,0,1,0,-1,0,0,0.95683,0,0.23687,0
0,0,1,0,1,0,-1,0,0,0.95846,0,0.23642,0
0,0,1,0,1,0,-1,0,0,0.96007,0,0.23598,0
0,0,1,0,1,0,-1,0,0,0.96164,0,0.23555,0
0,0,1,0,1,0,-1,0,0,0.96319,0,0.23512,0
0,0,1,0,1,0,-1,0,0,0.96471,0,0.2347,0
0,0,1,0,1,0,-1,0,0,0.9662,0,0.2343,0
0,0,1,0,1,0,-1,0,0,0.96766,0,0.23389,0
0,0,1,0,1,0,-1,0,0,0.96909,0,0.2335,0
0,0,1,0,1,0,-1,0,0,0.97049,0,0.23311,0
0,0,1,0,1,0,-1,0,0,0.97186,0,0.23274,0
0,0,1,0,1,0,-1,0,0,0.97321,0,0.23237,0
0,0,1,0,1,0,-1,0,0,0.97452,0,0.23201,0
0,0,1,0,1,0,-1,0,0,0.9758,0,0.23166,0
0,0,1,0,1,0,-1,0,0,0.97705,0,0.23131,0
0,0,1,0,1,0,-1,0,0,0.97827,0,0.23098,0
0,0,1,0,1,0,-1,0,0,0.97945,0,0.23065,0
0,0,1,0,1,0,-1,0,0,0.98061,0,0.23033,0
0,0,1,0,1,0,-1,0,0,0.98174,0,0.23002,0
0,0,1,0,1,0,-1,0,0,0.98283,0,0.22972,0
0,0,1,0,1,0,-1,0,0,0.98389,0,0.22943,0
0,0,1,0,1,0,-1,0,0,0.98492,0,0.22915,0
0,0,1,0,1,0,-1,0,0,0.98592,0,0.22887,0
0,0,1,0,1,0,-1,0,0,0.98688,0,0.22861,0
0,0,1,0,1,0,-1,0,0,0.98781,0,0.22835,0
0,0,1,0,1,0,-1,0,0,0.98871,0,0.2281,0
0,0,1,0,1,0,-1,0,0,0.98958,0,0.22787,0
0,0,1,0,1,0,-1,0,0,0.99041,0,0.22764,0
0,0,1,0,1,0,-1,0,0,0.99121,0,0.22742,0
0,0,1,0,1,0,-1,0,0,0.99198,0,0.22721,0
0,0,1,0,1,0,-1,0,0,0.99271,0,0.227,0
0,0,1,0,1,0,-1,0,0,0.99341,0,0.22681,0
0,0,1,0,1,0,-1,0,0,0.99408,0,0.22663,0
0,0,1,0,1,0,-1,0,0,0.99471,0,0.22646,0
0,0,1,0,1,0,-1,0,0,0.9953,0,0.22629,0
0,0,1,0,1,0,-1,0,0,0.99587,0,0.22614,0
0,0,1,0,1,0,-1,0,0,0.99639,0,0.22599,0
0,0,1,0,1,0,-1,0,0,0.99688,0,0.22586,0
0,0,1,0,1,0,-1,0,0,0.99734,0,0.22573,0
0,0,1,0,1,0,-1,0,0,0.99776,0,0.22562,0
0,0,1,0,1,0,-1,0,0,0.99815,0,0.22551,0
0,0,1,0,1,0,-1,0,0,0.9985,0,0.22541,0
0,0,1,0,1,0,-1,0,0,0.99881,0,0.22533,0
0,0,1,0,1,0,-1,0,0,0.99909,0,0.22525,0
0,0,1,0,1,0,-1,0,0,0.99933,0,0.22518,0
0,0,1,0,1,0,-1,0,0,0.99953,0,0.22513,0
0,0,1,0,1,0,-1,0,0,0.9997,0,0.22508,0
0,0,1,0,1,0,-1,0,0,0.99983,0,0.22505,0
0,0,1,0,1,0,-1,0,0,0.99992,0,0.22502,0
0,0,1,0,1,0,-1,0,0,0.99998,0,0.22501,0
0,0,1,0,1,0,-1,0,0,1,0,0.225,0
0,0,1,0,1,0,-1,0,0,1,0,0.225,0
0,0,1,0,1,0,-1,0,0,1,0,0.22498,0
0,0,1,0,1,0,-1,0,0,1,0,0.22494,0
0,0,1,0,1,0,-1,0,0,1,0,0.22487,0
0,0,1,0,1,0,-1,0,0,1,0,0.22476,0
0,0,1,0,1,0,-1,0,0,1,0,0.22463,0
0,0,1,0,1,0,-1,0,0,1,0,0.22447,0
0,0,1,0,1,0,-1,0,0,1,0,0.22428,0
0,0,1,0,1,0,-1,0,0,1,0,0.22406,0
0,0,1,0,1,0,-1,0,0,1,0,0.22381,0
0,0,1,0,1,0,-1,0,0,1,0,0.22354,0
0,0,1,0,1,0,-1,0,0,1,0,0.22323,0
0,0,1,0,1,0,-1,0,0,1,0,0.22291,0
0,0,1,0,1,0,-1,0,0,1,0,0.22255,0
0,0,1,0,1,0,-1,0,0,1,0,0.22217,0
0,0,1,0,1,0,-1,0,0,1,0,0.22176,0
0,0,1,0,1,0,-1,0,0,1,0,0.22133,0
0,0,1,0,1,0,-1,0,0,1,0,0.22087,0
0,0,1,0,1,0,-1,0,0,1,0,0.22039,0
0,0,1,0,1,0,-1,0,0,1,0,0.21988,0
0,0,1,0,1,0,-1,0,0,1,0,0.21935,0
0,0,1,0,1,0,-1,0,0,1,0,0.21879,0
0,0,1,0,1,0,-1,0,0,1,0,0.21821,0
0,0,1,0,1,0,-1,0,0,1,0,0.2176,0
0,0,1,0,1,0,-1,0,0,1,0,0.21697,0
0,0,1,0,1,0,-1,0,0,1,0,0.21632,0
0,0,1,0,1,0,-1,0,0,1,0,0.21565,0
0,0,1,0,1,0,-1,0,0,1,0,0.21495,0
0,0,1,0,1,0,-1,0,0,1,0,0.21424,0
0,0,1,0,1,0,-1,0,0,1,0,0.2135,0
0,0,1,0,1,0,-1,0,0,1,0,0.21273,0
0,0,1,0,1,0,-1,0,0,1,0,0.21195,0
0,0,1,0,1,0,-1,0,0,1,0,0.21115,0
0,0,1,0,1,0,-1,0,0,1,0,0.21032,0
0,0,1,0,1,0,-1,0,0,1,0,0.20948,0
0,0,1,0,1,0,-1,0,0,1,0,0.20862,0
0,0,1,0,1,0,-1,0,0,1,0,0.20773,0
0,0,1,0,1,0,-1,0,0,1,0,0.20683,0
0,0,1,0,1,0,-1,0,0,1,0,0.20591,0
0,0,1,0,1,0,-1,0,0,1,0,0.20497,0
0,0,1,0,1,0,-1,0,0,1,0,0.20401,0
0,0,1,0,1,0,-1,0,0,1,0,0.20303,0
0,0,1,0,1,0,-1,0,0,1,0,0.20203,0
0,0,1,0,1,0,-1,0,0,1,0,0.20102,0
0,0,1,0,1,0,-1,0,0,1,0,0.19999,0
0,0,1,0,1,0,-1,0,0,1,0,0.19894,0
0,0,1,0,1,0,-1,0,0,1,0,0.19788,0
0,0,1,0,1,0,-1,0,0,1,0,0.1968,0
0,0,1,0,1,0,-1,0,0,1,0,0.19571,0
0,0,1,0,1,0,-1,0,0,1,0,0.19459,0
0,0,1,0,1,0,-1,0,0,1,0,0.19347,0
0,0,1,0,1,0,-1,0,0,1,0,0.19232,0
0,0,1,0,1,0,-1,0,0,1,0,0.19117,0
0,0,1,0,1,0,-1,0,0,1,0,0.19,0
0,0,1,0,1,0,-1,0,0,1,0,0.18881,0
0,0,1,0,1,0,-1,0,0,1,0,0.18761,0
0,0,1,0,1,0,-1,0,0,1,0,0.1864,0
0,0,1,0,1,0,-1,0,0,1,0,0.18517,0
0,0,1,0,1,0,-1,0,0,1,0,0.18393,0
0,0,1,0,1,0,-1,0,0,1,0,0.18268,0
0,0,1,0,1,0,-1,0,0,1,0,0.18142,0
0,0,1,0,1,0,-1,0,0,1,0,0.18014,0
0,0,1,0,1,0,-1,0,0,1,0,0.17886,0
0,0,1,0,1,0,-1,0,0,1,0,0.17756,0
0,0,1,0,1,0,-1,0,0,1,0,0.17625,0
0,0,1,0,1,0,-1,0,0,1,0,0.17493,0
0,0,1,0,1,0,-1,0,0,1,0,0.17359,0
0,0,1,0,1,0,-1,0,0,1,0,0.17225,0
0,0,1,0,1,0,-1,0,0,1,0,0.1709,0
0,0,1,0,1,0,-1,0,0,1,0,0.16954,0
0,0,1,0,1,0,-1,0,0,1,0,0.16817,0
0,0,1,0,1,0,-1,0,0,1,0,0.16679,0
0,0,1,0,1,0,-1,0,0,1,0,0.1654,0
0,0,1,0,1,0,-1,0,0,1,0,0.16401,0
0,0,1,0,1,0,-1,0,0,1,0,0.1626,0
0,0,1,0,1,0,-1,0,0,1,0,0.16119,0
0,0,1,0,1,0,-1,0,0,1,0,0.15977,0
0,0,1,0,1,0,-1,0,0,1,0,0.15834,0
0,0,1,0,1,0,-1,0,0,1,0,0.15691,0
0,0,1,0,1,0,-1,0,0,1,0,0.15547,0
0,0,1,0,1,0,-1,0,0,1,0,0.15402,0
0,0,1,0,1,0,-1,0,0,1,0,0.15257,0
0,0,1,0,1,0,-1,0,0,1,0,0.15111,0
0,0,1,0,1,0,-1,0,0,1,0,0.14965,0
0,0,1,0,1,0,-1,0,0,1,0,0.14818,0
0,0,1,0,1,0,-1,0,0,1,0,0.1467,0
0,0,1,0,1,0,-1,0,0,1,0,0.14523,0
0,0,1,0,1,0,-1,0,0,1,0,0.14375,0
0,0,1,0,1,0,-1,0,0,1,0,0.14226,0
0,0,1,0,1,0,-1,0,0,1,0,0.14077,0
0,0,1,0,1,0,-1,0,0,1,0,0.13928,0
0,0,1,0,1,0,-1,0,0,1,0,0.13778,0
0,0,1,0,1,0,-1,0,0,1,0,0.13629,0
0,0,1,0,1,0,-1,0,0,1,0,0.13479,0
0,0,1,0,1,0,-1,0,0,1,0,0.13328,0
0,0,1,0,1,0,-1,0,0,1,0,0.13178,0
0,0,1,0,1,0,-1,0,0,1,0,0.13027,0
0,0,1,0,1,0,-1,0,0,1,0,0.12877,0
0,0,1,0,1,0,-1,0,0,1,0,0.12726,0
0,0,1,0,1,0,-1,0,0,1,0,0.12575,0
0,0,1,0,1,0,-1,0,0,1,0,0.12425,0
0,0,1,0,1,0,-1,0,0,1,0,0.12274,0
0,0,1,0,1,0,-1,0,0,1,0,0.12123,0
0,0,1,0,1,0,-1,0,0,1,0,0.11973,0
0,0,1,0,1,0,-1,0,0,1,0,0.11822,0
0,0,1,0,1,0,-1,0,0,1,0,0.11672,0
0,0,1,0,1,0,-1,0,0,1,0,0.11521,0
0,0,1,0,1,0,-1,0,0,1,0,0.11371,0
0,0,1,0,1,0,-1,0,0,1,0,0.11222,0
0,0,1,0,1,0,-1,0,0,1,0,0.11072,0
0,0,1,0,1,0,-1,0,0,1,0,0.10923,0
0,0,1,0,1,0,-1,0,0,1,0,0.10774,0
0,0,1,0,1,0,-1,0,0,1,0,0.10625,0
0,0,1,0,1,0,-1,0,0,1,0,0.10477,0
0,0,1,0,1,0,-1,0,0,1,0,0.1033,0
0,0,1,0,1,0,-1,0,0,1,0,0.10182,0
0,0,1,0,1,0,-1,0,0,1,0,0.10035,0
0,0,1,0,1,0,-1,0,0,1,0,0.09889,0
0,0,1,0,1,0,-1,0,0,1,0,0.097432,0
0,0,1,0,1,0,-1,0,0,1,0,0.095979,0
0,0,1,0,1,0,-1,0,0,1,0,0.094533,0
0,0,1,0,1,0,-1,0,0,1,0,0.093092,0
0,0,1,0,1,0,-1,0,0,1,0,0.091659,0
0,0,1,0,1,0,-1,0,0,1,0,0.090232,0
0,0,1,0,1,0,-1,0,0,1,0,0.088812,0
0,0,1,0,1,0,-1,0,0,1,0,0.087399,0
0,0,1,0,1,0,-1,0,0,1,0,0.085995,0
0,0,1,0,1,0,-1,0,0,1,0,0.084598,0
0,0,1,0,1,0,-1,0,0,1,0,0.08321,0
0,0,1,0,1,0,-1,0,0,1,0,0.081831,0
0,0,1,0,1,0,-1,0,0,1,0,0.08046,0
0,0,1,0,1,0,-1,0,0,1,0,0.079099,0
0,0,1,0,1,0,-1,0,0,1,0,0.077747,0
0,0,1,0,1,0,-1,0,0,1,0,0.076406,0
0,0,1,0,1,0,-1,0,0,1,0,0.075074,0
0,0,1,0,1,0,-1,0,0,1,0,0.073753,0
0,0,1,0,1,0,-1,0,0,1,0,0.072443,0
0,0,1,0,1,0,-1,0,0,1,0,0.071144,0
0,0,1,0,1,0,-1,0,0,1,0,0.069856,0
0,0,1,0,1,0,-1,0,0,1,0,0.06858,0
0,0,1,0,1,0,-1,0,0,1,0,0.067317,0
0,0,1,0,1,0,-1,0,0,1,0,0.066065,0
0,0,1,0,1,0,-1,0,0,1,0,0.064826,0
0,0,1,0,1,0,-1,0,0,1,0,0.0636,0
0,0,1,0,1,0,-1,0,0,1,0,0.062387,0
0,0,1,0,1,0,-1,0,0,1,0,0.061188,0
0,0,1,0,1,0,-1,0,0,1,0,0.060003,0
0,0,1,0,1,0,-1,0,0,1,0,0.058832,0
0,0,1,0,1,0,-1,0,0,1,0,0.057675,0
0,0,1,0,1,0,-1,0,0,1,0,0.056533,0
0,0,1,0,1,0,-1,0,0,1,0,0.055406,0
0,0,1,0,1,0,-1,0,0,1,0,0.054295,0
0,0,1,0,1,0,-1,0,0,1,0,0.053199,0
0,0,1,0,1,0,-1,0,0,1,0,0.052119,0
0,0,1,0,1,0,-1,0,0,1,0,0.051056,0
0,0,1,0,1,0,-1,0,0,1,0,0.050009,0
0,0,1,0,1,0,-1,0,0,1,0,0.048979,0
0,0,1,0,1,0,-1,0,0,1,0,0.047966,0
0,0,1,0,1,0,-1,0,0,1,0,0.046971,0
0,0,1,0,1,0,-1,0,0,1,0,0.045993,0
0,0,1,0,1,0,-1,0,0,1,0,0.045034,0
0,0,1,0,1,0,-1,0,0,1,0,0.044093,0
0,0,1,0,1,0,-1,0,0,1,0,0.043171,0
0,0,1,0,1,0,-1,0,0,1,0,0.042268,0
0,0,1,0,1,0,-1,0,0,1,0,0.041384,0
0,0,1,0,1,0,-1,0,0,1,0,0.04052,0
0,0,1,0,1,0,-1,0,0,1,0,0.039676,0
0,0,1,0,1,0,-1,0,0,1,0,0.038852,0
0,0,1,0,1,0,-1,0,0,1,0,0.038048,0
0,0,1,0,1,0,-1,0,0,1,0,0.037266,0
0,0,1,0,1,0,-1,0,0,1,0,0.036504,0
0,0,1,0,1,0,-1,0,0,1,0,0.035764,0
0,0,1,0,1,0,-1,0,0,1,0,0.035046,0
0,0,1,0,1,0,-1,0,0,1,0,0.03435,0
0,0,1,0,1,0,-1,0,0,1,0,0.033676,0
0,0,1,0,1,0,-1,0,0,1,0,0.033025,0
0,0,1,0,1,0,-1,0,0,1,0,0.032397,0
0,0,1,0,1,0,-1,0,0,1,0,0.031793,0
0,0,1,0,1,0,-1,0,0,1,0,0.031212,0
0,0,1,0,1,0,-1,0,0,1,0,0.030654,0
0,0,1,0,1,0,-1,0,0,1,0,0.030121,0
0,0,1,0,1,0,-1,0,0,1,0,0.029613,0
0,0,1,0,1,0,-1,0,0,1,0,0.029129,0
0,0,1,0,1,0,-1,0,0,1,0,0.028671,0
0,0,1,0,1,0,-1,0,0,1,0,0.028238,0
0,0,1,0,1,0,-1,0,0,1,0,0.02783,0
0,0,1,0,1,0,-1,0,0,1,0,0.027449,0
0,0,1,0,1,0,-1,0,0,1,0,0.027094,0
0,0,1,0,1,0,-1,0,0,1,0,0.026766,0
0,0,1,0,1,0,-1,0,0,1,0,0.026464,0
0,0,1,0,1,0,-1,0,0,1,0,0.02619,0
0,0,1,0,1,0,-1,0,0,1,0,0.025944,0
0,0,1,0,1,0,-1,0,0,1,0,0.025725,0
0,0,1,0,1,0,-1,0,0,1,0,0.025534,0
0,0,1,0,1,0,-1,0,0,1,0,0.025372,0
0,0,1,0,1,0,-1,0,0,1,0,0.025239,0
0,0,1,0,1,0,-1,0,0,1,0,0.025135,0
0,0,1,0,1,0,-1,0,0,1,0,0.02506,0
0,0,1,0,1,0,-1,0,0,1,0,0.025015,0
0,0,1,0,1,0,-1,0,0,1,0,0.025,0
0,0,1,0,1,0,-1,0,0,1,0,0.025,1
0,0,1,0,1,0,-1,0,0,1,0,0.025,1
0,0,1,0,1,0,-1,0,0,1,0,0.025,1
0,0,1,0,1,0,-1,0,0,1,0,0.025,1
0,0,1,0,1,0,-1,0,0,1,0,0.025,1
0,0,1,0,1,0,-1,0,0,1,0,0.025,1
0,0,1,0,1,0,-1,0,0,1,0,0.025,1
0,0,1,0,1,0,-1,0,0,1,0,0.025,1
0,0,1,0,1,0,-1,0,0,1,0,0.025,1
0,0,1,0,1,0,-1,0,0,1,0,0.025,1
0,0,1,0,1,0,-1,0,0,1,0,0.025,1
0,0,1,0,1,0,-1,0,0,1,0,0.025,1
0,0,1,0,1,0,-1,0,0,1,0,0.025,1
0,0,1,0,1,0,-1,0,0,1,0,0.025,1
0,0,1,0,1,0,-1,0,0,1,0,0.025,1
0,0,1,0,1,0,-1,0,0,1,0,0.025,1
0,0,1,0,1,0,-1,0,0,1,0,0.025,1
0,0,1,0,1,0,-1,0,0,1,0,0.025,1
0,0,1,0,1,0,-1,0,0,1,0,0.025,1
0,0,1,0,1,0,-1,0,0,1,0,0.025,1
0,0,1,0,1,0,-1,0,0,1,0,0.025,1
0,0,1,0,1,0,-1,0,0,1,0,0.025,1
0,0,1,0,1,0,-1,0,0,1,0,0.025,1
0,0,1,0,1,0,-1,0,0,1,0,0.025,1
0,0,1,0,1,0,-1,0,0,1,0,0.025,1
0,0,1,0,1,0,-1,0,0,1,0,0.025,1
0,0,1,0,1,0,-1,0,0,1,0,0.025,1
0,0,1,0,1,0,-1,0,0,1,0,0.025,1
0,0,1,0,1,0,-1,0,0,1,0,0.025,1
0,0,1,0,1,0,-1,0,0,1,0,0.025,1
0,0,1,0,1,0,-1,0,0,1,0,0.025,1
0,0,1,0,1,0,-1,0,0,1,0,0.025,1
0,0,1,0,1,0,-1,0,0,1,0,0.025,1
0,0,1,0,1,0,-1,0,0,1,0,0.025,1
0,0,1,0,1,0,-1,0,0,1,0,0.025,1
0,0,1,0,1,0,-1,0,0,1,0,0.025,1
0,0,1,0,1,0,-1,0,0,1,0,0.025,1
0,0,1,0,1,0,-1,0,0,1,0,0.025,1
0,0,1,0,1,0,-1,0,0,1,0,0.025,1
0,0,1,0,1,0,-1,0,0,1,0,0.025,1
0,0,1,0,1,0,-1,0,0,1,0,0.025,1
0,0,1,0,1,0,-1,0,0,1,0,0.025,1
0,0,1,0,1,0,-1,0,0,1,0,0.025,1
0,0,1,0,1,0,-1,0,0,1,0,0.025,1
0,0,1,0,1,0,-1,0,0,1,0,0.025,1
0,0,1,0,1,0,-1,0,0,1,0,0.025,1
0,0,1,0,1,0,-1,0,0,1,0,0.025,1
0,0,1,0,1,0,-1,0,0,1,0,0.025,1
0,0,1,0,1,0,-1,0,0,1,0,0.025,1
0,0,1,0,1,0,-1,0,0,1,0,0.025,1
0,0,1,0,1,0,-1,0,0,1,0,0.025,1
0,0,1,0,1,0,-1,0,0,1,0,0.025,1
0,0,1,0,1,0,-1,0,0,1,0,0.025,1
0,0,1,0,1,0,-1,0,0,1,0,0.025,1
0,0,1,0,1,0,-1,0,0,1,0,0.025,1
0,0,1,0,1,0,-1,0,0,1,0,0.025,1
0,0,1,0,1,0,-1,0,0,1,0,0.025,1
0,0,1,0,1,0,-1,0,0,1,0,0.025,1
0,0,1,0,1,0,-1,0,0,1,0,0.025,1
0,0,1,0,1,0,-1,0,0,1,0,0.025,1
0,0,1,0,1,0,-1,0,0,1,0,0.025,1
0,0,1,0,1,0,-1,0,0,1,0,0.025,1
0,0,1,0,1,0,-1,0,0,1,0,0.025,1
0,0,1,0,1,0,-1,0,0,1,0,0.025,1
0,0,1,0,1,0,-1,0,0,1,0,0.025,1
0,0,1,0,1,0,-1,0,0,1,0,0.025,1
0,0,1,0,1,0,-1,0,0,1,0,0.025,1
0,0,1,0,1,0,-1,0,0,1,0,0.025,1
0,0,1,0,1,0,-1,0,0,1,0,0.025,1
0,0,1,0,1,0,-1,0,0,1,0,0.025,1
0,0,1,0,1,0,-1,0,0,1,0,0.025,1
0,0,1,0,1,0,-1,0,0,1,0,0.025,1
0,0,1,0,1,0,-1,0,0,1,0,0.025,1
0,0,1,0,1,0,-1,0,0,1,0,0.025,1
0,0,1,0,1,0,-1,0,0,1,0,0.025,1
0,0,1,0,1,0,-1,0,0,1,0,0.025,1
0,0,1,0,1,0,-1,0,0,1,0,0.025,1
0,0,1,0,1,0,-1,0,0,1,0,0.025,1
0,0,1,0,1,0,-1,0,0,1,0,0.025,1
0,0,1,0,1,0,-1,0,0,1,0,0.025,1
0,0,1,0,1,0,-1,0,0,1,0,0.025,1
0,0,1,0,1,0,-1,0,0,1,0,0.025,1
0,0,1,0,1,0,-1,0,0,1,0,0.025,1
0,0,1,0,1,0,-1,0,0,1,0,0.025,1
0,0,1,0,1,0,-1,0,0,1,0,0.025,1
0,0,1,0,1,0,-1,0,0,1,0,0.025,1
0,0,1,0,1,0,-1,0,0,1,0,0.025,1
0,0,1,0,1,0,-1,0,0,1,0,0.025,1
0,0,1,0,1,0,-1,0,0,1,0,0.025,1
0,0,1,0,1,0,-1,0,0,1,0,0.025,1
0,0,1,0,1,0,-1,0,0,1,0,0.025,1
0,0,1,0,1,0,-1,0,0,1,0,0.025,1
0,0,1,0,1,0,-1,0,0,1,0,0.025,1
0,0,1,0,1,0,-1,0,0,1,0,0.025,1
0,0,1,0,1,0,-1,0,0,1,0,0.025,1
0,0,1,0,1,0,-1,0,0,1,0,0.025,1
0,0,1,0,1,0,-1,0,0,1,0,0.025,1
0,0,1,0,1,0,-1,0,0,1,0,0.025,1
0,0,1,0,1,0,-1,0,0,1,0,0.025,1
0,0,1,0,1,0,-1,0,0,1,0,0.025,1
0,0,1,0,1,0,-1,0,0,1,0,0.025,1
0,0,1,0,1,0,-1,0,0,1,0,0.025,1
0,0,1,0,1,0,-1,0,0,1,0,0.025,1
0,0,1,0,1,0,-1,0,0,1,0,0.025,1
0,0,1,0,1,0,-1,0,0,1,0,0.025,1
0,0,1,0,1,0,-1,0,0,1,0,0.025,1
0,0,1,0,1,0,-1,0,0,1,0,0.025,1
0,0,1,0,1,0,-1,0,0,1,0,0.025,1
0,0,1,0,1,0,-1,0,0,1,0,0.025,1
0,0,1,0,1,0,-1,0,0,1,0,0.025,1
0,0,1,0,1,0,-1,0,0,1,0,0.025,1
0,0,1,0,1,0,-1,0,0,1,0,0.025,1
0,0,1,0,1,0,-1,0,0,1,0,0.025,1
0,0,1,0,1,0,-1,0,0,1,0,0.025,1
0,0,1,0,1,0,-1,0,0,1,0,0.025,1
0,0,1,0,1,0,-1,0,0,1,0,0.025,1
0,0,1,0,1,0,-1,0,0,1,0,0.025,1
0,0,1,0,1,0,-1,0,0,1,0,0.025,1
0,0,1,0,1,0,-1,0,0,1,0,0.025,1
0,0,1,0,1,0,-1,0,0,1,0,0.025,1
0,0,1,0,1,0,-1,0,0,1,0,0.025,1
0,0,1,0,1,0,-1,0,0,1,0,0.025,1
0,0,1,0,1,0,-1,0,0,1,0,0.025,1
0,0,1,0,1,0,-1,0,0,1,0,0.025,1
0,0,1,0,1,0,-1,0,0,1,0,0.025,1
0,0,1,0,1,0,-1,0,0,1,0,0.025,1
0,0,1,0,1,0,-1,0,0,1,0,0.025,1
0,0,1,0,1,0,-1,0,0,1,0,0.025,1
0,0,1,0,1,0,-1,0,0,1,0,0.025,1
0,0,1,0,1,0,-1,0,0,1,0,0.025,1
0,0,1,0,1,0,-1,0,0,1,0,0.025,1
0,0,1,0,1,0,-1,0,0,1,0,0.025,1
0,0,1,0,1,0,-1,0,0,1,0,0.025,1
0,0,1,0,1,0,-1,0,0,1,0,0.025,1
0,0,1,0,1,0,-1,0,0,1,0,0.025,1
0,0,1,0,1,0,-1,0,0,1,0,0.025,1
0,0,1,0,1,0,-1,0,0,1,0,0.025,1
0,0,1,0,1,0,-1,0,0,1,0,0.025,1
0,0,1,0,1,0,-1,0,0,1,0,0.025,1
0,0,1,0,1,0,-1,0,0,1,0,0.025,1
0,0,1,0,1,0,-1,0,0,1,0,0.025,1
0,0,1,0,1,0,-1,0,0,1,0,0.025,1
0,0,1,0,1,0,-1,0,0,1,0,0.025,1
0,0,1,0,1,0,-1,0,0,1,0,0.025,1
0,0,1,0,1,0,-1,0,0,1,0,0.025,1
0,0,1,0,1,0,-1,0,0,1,0,0.025,1
0,0,1,0,1,0,-1,0,0,1,0,0.025,1
0,0,1,0,1,0,-1,0,0,1,0,0.025,1
0,0,1,0,1,0,-1,0,0,1,0,0.025,1
0,0,1,0,1,0,-1,0,0,1,0,0.025,1
0,0,1,0,1,0,-1,0,0,1,0,0.025,1
0,0,1,0,1,0,-1,0,0,1,0,0.025,1
0,0,1,0,1,0,-1,0,0,1,0,0.025,1
0,0,1,0,1,0,-1,0,0,1,0,0.025,1
0,0,1,0,1,0,-1,0,0,1,0,0.025,1
0,0,1,0,1,0,-1,0,0,1,0,0.025,1
0,0,1,0,1,0,-1,0,0,1,0,0.025,1
0,0,1,0,1,0,-1,0,0,1,0,0.025,1
0,0,1,0,1,0,-1,0,0,1,0,0.025,1
0,0,1,0,1,0,-1,0,0,1,0,0.025,1
0,0,1,0,1,0,-1,0,0,1,0,0.025,1
0,0,1,0,1,0,-1,0,0,1,0,0.025,1
0,0,1,0,1,0,-1,0,0,1,0,0.025,1
0,0,1,0,1,0,-1,0,0,1,0,0.025,1
0,0,1,0,1,0,-1,0,0,1,0,0.025,1
0,0,1,0,1,0,-1,0,0,1,0,0.025,1
0,0,1,0,1,0,-1,0,0,1,0,0.025,1
0,0,1,0,1,0,-1,0,0,1,0,0.025,1
0,0,1,0,1,0,-1,0,0,1,0,0.025,1
0,0,1,0,1,0,-1,0,0,1,0,0.025,1
0,0,1,0,1,0,-1,0,0,1,0,0.025,1
0,0,1,0,1,0,-1,0,0,1,0,0.025,1
0,0,1,0,1,0,-1,0,0,1,0,0.025,1
0,0,1,0,1,0,-1,0,0,1,0,0.025,1
0,0,1,0,1,0,-1,0,0,1,0,0.025,1
0,0,1,0,1,0,-1,0,0,1,0,0.025,1
0,0,1,0,1,0,-1,0,0,1,0,0.025,1
0,0,1,0,1,0,-1,0,0,1,0,0.025,1
0,0,1,0,1,0,-1,0,0,1,0,0.025,1
0,0,1,0,1,0,-1,0,0,1,0,0.025,1
0,0,1,0,1,0,-1,0,0,1,0,0.025,1
0,0,1,0,1,0,-1,0,0,1,0,0.025,1
0,0,1,0,1,0,-1,0,0,1,0,0.025,1
0,0,1,0,1,0,-1,0,0,1,0,0.025,1
0,0,1,0,1,0,-1,0,0,1,0,0.025,1
0,0,1,0,1,0,-1,0,0,1,0,0.025,1
0,0,1,0,1,0,-1,0,0,1,0,0.025,1
0,0,1,0,1,0,-1,0,0,1,0,0.025,1
0,0,1,0,1,0,-1,0,0,1,0,0.025,1
0,0,1,0,1,0,-1,0,0,1,0,0.025,1
0,0,1,0,1,0,-1,0,0,1,0,0.025,1
0,0,1,0,1,0,-1,0,0,1,0,0.025,1
0,0,1,0,1,0,-1,0,0,1,0,0.025,1
0,0,1,0,1,0,-1,0,0,1,0,0.025,1
0,0,1,0,1,0,-1,0,0,1,0,0.025,1
0,0,1,0,1,0,-1,0,0,1,0,0.025,1
0,0,1,0,1,0,-1,0,0,1,0,0.025,1
0,0,1,0,1,0,-1,0,0,1,0,0.025,1
0,0,1,0,1,0,-1,0,0,1,0,0.025,1
0,0,1,0,1,0,-1,0,0,1,0,0.025,1
0,0,1,0,1,0,-1,0,0,1,0,0.025,1
0,0,1,0,1,0,-1,0,0,1,0,0.025015,1
0,0,1,0,1,0,-1,0,0,1,0,0.02506,1
0,0,1,0,1,0,-1,0,0,1,0,0.025135,1
0,0,1,0,1,0,-1,0,0,1,0,0.025239,1
0,0,1,0,1,0,-1,0,0,1,0,0.025372,1
0,0,1,0,1,0,-1,0,0,1,0,0.025534,1
0,0,1,0,1,0,-1,0,0,1,0,0.025725,1
0,0,1,0,1,0,-1,0,0,1,0,0.025944,1
0,0,1,0,1,0,-1,0,0,1,0,0.02619,1
0,0,1,0,1,0,-1,0,0,1,0,0.026464,1
0,0,1,0,1,0,-1,0,0,1,0,0.026766,1
0,0,1,0,1,0,-1,0,0,1,0,0.027094,1
0,0,1,0,1,0,-1,0,0,1,0,0.027449,1
0,0,1,0,1,0,-1,0,0,1,0,0.02783,1
0,0,1,0,1,0,-1,0,0,1,0,0.028238,1
0,0,1,0,1,0,-1,0,0,1,0,0.028671,1
0,0,1,0,1,0,-1,0,0,1,0,0.029129,1
0,0,1,0,1,0,-1,0,0,1,0,0.029613,1
0,0,1,0,1,0,-1,0,0,1,0,0.030121,1
0,0,1,0,1,0,-1,0,0,1,0,0.030654,1
0,0,1,0,1,0,-1,0,0,1,0,0.031212,1
0,0,1,0,1,0,-1,0,0,1,0,0.031793,1
0,0,1,0,1,0,-1,0,0,1,0,0.032397,1
0,0,1,0,1,0,-1,0,0,1,0,0.033025,1
0,0,1,0,1,0,-1,0,0,1,0,0.033676,1
0,0,1,0,1,0,-1,0,0,1,0,0.03435,1
0,0,1,0,1,0,-1,0,0,1,0,0.035046,1
0,0,1,0,1,0,-1,0,0,1,0,0.035764,1
0,0,1,0,1,0,-1,0,0,1,0,0.036504,1
0,0,1,0,1,0,-1,0,0,1,0,0.037266,1
0,0,1,0,1,0,-1,0,0,1,0,0.038048,1
0,0,1,0,1,0,-1,0,0,1,0,0.038852,1
0,0,1,0,1,0,-1,0,0,1,0,0.039676,1
0,0,1,0,1,0,-1,0,0,1,0,0.04052,1
0,0,1,0,1,0,-1,0,0,1,0,0.041384,1
0,0,1,0,1,0,-1,0,0,1,0,0.042268,1
0,0,1,0,1,0,-1,0,0,1,0,0.043171,1
0,0,1,0,1,0,-1,0,0,1,0,0.044093,1
0,0,1,0,1,0,-1,0,0,1,0,0.045034,1
0,0,1,0,1,0,-1,0,0,1,0,0.045993,1
0,0,1,0,1,0,-1,0,0,1,0,0.046971,1
0,0,1,0,1,0,-1,0,0,1,0,0.047966,1
0,0,1,0,1,0,-1,0,0,1,0,0.048979,1
0,0,1,0,1,0,-1,0,0,1,0,0.050009,1
0,0,1,0,1,0,-1,0,0,1,0,0.051056,1
0,0,1,0,1,0,-1,0,0,1,0,0.052119,1
0,0,1,0,1,0,-1,0,0,1,0,0.053199,1
0,0,1,0,1,0,-1,0,0,1,0,0.054295,1
0,0,1,0,1,0,-1,0,0,1,0,0.055406,1
0,0,1,0,1,0,-1,0,0,1,0,0.056533,1
0,0,1,0,1,0,-1,0,0,1,0,0.057675,1
0,0,1,0,1,0,-1,0,0,1,0,0.058832,1
0,0,1,0,1,0,-1,0,0,1,0,0.060003,1
0,0,1,0,1,0,-1,0,0,1,0,0.061188,1
0,0,1,0,1,0,-1,0,0,1,0,0.062387,1
0,0,1,0,1,0,-1,0,0,1,0,0.0636,1
0,0,1,0,1,0,-1,0,0,1,0,0.064826,1
0,0,1,0,1,0,-1,0,0,1,0,0.066065,1
0,0,1,0,1,0,-1,0,0,1,0,0.067317,1
0,0,1,0,1,0,-1,0,0,1,0,0.06858,1
0,0,1,0,1,0,-1,0,0,1,0,0.069856,1
0,0,1,0,1,0,-1,0,0,1,0,0.071144,1
0,0,1,0,1,0,-1,0,0,1,0,0.072443,1
0,0,1,0,1,0,-1,0,0,1,0,0.073753,1
0,0,1,0,1,0,-1,0,0,1,0,0.075074,1
0,0,1,0,1,0,-1,0,0,1,0,0.076406,1
0,0,1,0,1,0,-1,0,0,1,0,0.077747,1
0,0,1,0,1,0,-1,0,0,1,0,0.079099,1
0,0,1,0,1,0,-1,0,0,1,0,0.08046,1
0,0,1,0,1,0,-1,0,0,1,0,0.081831,1
0,0,1,0,1,0,-1,0,0,1,0,0.08321,1
0,0,1,0,1,0,-1,0,0,1,0,0.084598,1
0,0,1,0,1,0,-1,0,0,1,0,0.085995,1
0,0,1,0,1,0,-1,0,0,1,0,0.087399,1
0,0,1,0,1,0,-1,0,0,1,0,0.088812,1
0,0,1,0,1,0,-1,0,0,1,0,0.090232,1
0,0,1,0,1,0,-1,0,0,1,0,0.091659,1
0,0,1,0,1,0,-1,0,0,1,0,0.093092,1
0,0,1,0,1,0,-1,0,0,1,0,0.094533,1
0,0,1,0,1,0,-1,0,0,1,0,0.095979,1
0,0,1,0,1,0,-1,0,0,1,0,0.097432,1
0,0,1,0,1,0,-1,0,0,1,0,0.09889,1
0,0,1,0,1,0,-1,0,0,1,0,0.10035,1
0,0,1,0,1,0,-1,0,0,1,0,0.10182,1
0,0,1,0,1,0,-1,0,0,1,0,0.1033,1
0,0,1,0,1,0,-1,0,0,1,0,0.10477,1
0,0,1,0,1,0,-1,0,0,1,0,0.10625,1
0,0,1,0,1,0,-1,0,0,1,0,0.10774,1
0,0,1,0,1,0,-1,0,0,1,0,0.10923,1
0,0,1,0,1,0,-1,0,0,1,0,0.11072,1
0,0,1,0,1,0,-1,0,0,1,0,0.11222,1
0,0,1,0,1,0,-1,0,0,1,0,0.11371,1
0,0,1,0,1,0,-1,0,0,1,0,0.11521,1
0,0,1,0,1,0,-1,0,0,1,0,0.11672,1
0,0,1,0,1,0,-1,0,0,1,0,0.11822,1
0,0,1,0,1,0,-1,0,0,1,0,0.11973,1
0,0,1,0,1,0,-1,0,0,1,0,0.12123,1
0,0,1,0,1,0,-1,0,0,1,0,0.12274,1
0,0,1,0,1,0,-1,0,0,1,0,0.12425,1
0,0,1,0,1,0,-1,0,0,1,0,0.12575,1
0,0,1,0,1,0,-1,0,0,1,0,0.12726,1
0,0,1,0,1,0,-1,0,0,1,0,0.12877,1
0,0,1,0,1,0,-1,0,0,1,0,0.13027,1
0,0,1,0,1,0,-1,0,0,1,0,0.13178,1
0,0,1,0,1,0,-1,0,0,1,0,0.13328,1
0,0,1,0,1,0,-1,0,0,1,0,0.13479,1
0,0,1,0,1,0,-1,0,0,1,0,0.13629,1
0,0,1,0,1,0,-1,0,0,1,0,0.13778,1
0,0,1,0,1,0,-1,0,0,1,0,0.13928,1
0,0,1,0,1,0,-1,0,0,1,0,0.14077,1
0,0,1,0,1,0,-1,0,0,1,0,0.14226,1
0,0,1,0,1,0,-1,0,0,1,0,0.14375,1
0,0,1,0,1,0,-1,0,0,1,0,0.14523,1
0,0,1,0,1,0,-1,0,0,1,0,0.1467,1
0,0,1,0,1,0,-1,0,0,1,0,0.14818,1
0,0,1,0,1,0,-1,0,0,1,0,0.14965,1
0,0,1,0,1,0,-1,0,0,1,0,0.15111,1
0,0,1,0,1,0,-1,0,0,1,0,0.15257,1
0,0,1,0,1,0,-1,0,0,1,0,0.15402,1
0,0,1,0,1,0,-1,0,0,1,0,0.15547,1
0,0,1,0,1,0,-1,0,0,1,0,0.15691,1
0,0,1,0,1,0,-1,0,0,1,0,0.15834,1
0,0,1,0,1,0,-1,0,0,1,0,0.15977,1
0,0,1,0,1,0,-1,0,0,1,0,0.16119,1
0,0,1,0,1,0,-1,0,0,1,0,0.1626,1
0,0,1,0,1,0,-1,0,0,1,0,0.16401,1
0,0,1,0,1,0,-1,0,0,1,0,0.1654,1
0,0,1,0,1,0,-1,0,0,1,0,0.16679,1
0,0,1,0,1,0,-1,0,0,1,0,0.16817,1
0,0,1,0,1,0,-1,0,0,1,0,0.16954,1
0,0,1,0,1,0,-1,0,0,1,0,0.1709,1
0,0,1,0,1,0,-1,0,0,1,0,0.17225,1
0,0,1,0,1,0,-1,0,0,1,0,0.17359,1
0,0,1,0,1,0,-1,0,0,1,0,0.17493,1
0,0,1,0,1,0,-1,0,0,1,0,0.17625,1
0,0,1,0,1,0,-1,0,0,1,0,0.17756,1
0,0,1,0,1,0,-1,0,0,1,0,0.17886,1
0,0,1,0,1,0,-1,0,0,1,0,0.18014,1
0,0,1,0,1,0,-1,0,0,1,0,0.18142,1
0,0,1,0,1,0,-1,0,0,1,0,0.18268,1
0,0,1,0,1,0,-1,0,0,1,0,0.18393,1
0,0,1,0,1,0,-1,0,0,1,0,0.18517,1
0,0,1,0,1,0,-1,0,0,1,0,0.1864,1
0,0,1,0,1,0,-1,0,0,1,0,0.18761,1
0,0,1,0,1,0,-1,0,0,1,0,0.18881,1
0,0,1,0,1,0,-1,0,0,1,0,0.19,1
0,0,1,0,1,0,-1,0,0,1,0,0.19117,1
0,0,1,0,1,0,-1,0,0,1,0,0.19232,1
0,0,1,0,1,0,-1,0,0,1,0,0.19347,1
0,0,1,0,1,0,-1,0,0,1,0,0.19459,1
0,0,1,0,1,0,-1,0,0,1,0,0.19571,1
0,0,1,0,1,0,-1,0,0,1,0,0.1968,1
0,0,1,0,1,0,-1,0,0,1,0,0.19788,1
0,0,1,0,1,0,-1,0,0,1,0,0.19894,1
0,0,1,0,1,0,-1,0,0,1,0,0.19999,1
0,0,1,0,1,0,-1,0,0,1,0,0.20102,1
0,0,1,0,1,0,-1,0,0,1,0,0.20203,1
0,0,1,0,1,0,-1,0,0,1,0,0.20303,1
0,0,1,0,1,0,-1,0,0,1,0,0.20401,1
0,0,1,0,1,0,-1,0,0,1,0,0.20497,1
0,0,1,0,1,0,-1,0,0,1,0,0.20591,1
0,0,1,0,1,0,-1,0,0,1,0,0.20683,1
0,0,1,0,1,0,-1,0,0,1,0,0.20773,1
0,0,1,0,1,0,-1,0,0,1,0,0.20862,1
0,0,1,0,1,0,-1,0,0,1,0,0.20948,1
0,0,1,0,1,0,-1,0,0,1,0,0.21032,1
0,0,1,0,1,0,-1,0,0,1,0,0.21115,1
0,0,1,0,1,0,-1,0,0,1,0,0.21195,1
0,0,1,0,1,0,-1,0,0,1,0,0.21273,1
0,0,1,0,1,0,-1,0,0,1,0,0.2135,1
0,0,1,0,1,0,-1,0,0,1,0,0.21424,1
0,0,1,0,1,0,-1,0,0,1,0,0.21495,1
0,0,1,0,1,0,-1,0,0,1,0,0.21565,1
0,0,1,0,1,0,-1,0,0,1,0,0.21632,1
0,0,1,0,1,0,-1,0,0,1,0,0.21697,1
0,0,1,0,1,0,-1,0,0,1,0,0.2176,1
0,0,1,0,1,0,-1,0,0,1,0,0.21821,1
0,0,1,0,1,0,-1,0,0,1,0,0.21879,1
0,0,1,0,1,0,-1,0,0,1,0,0.21935,1
0,0,1,0,1,0,-1,0,0,1,0,0.21988,1
0,0,1,0,1,0,-1,0,0,1,0,0.22039,1
0,0,1,0,1,0,-1,0,0,1,0,0.22087,1
0,0,1,0,1,0,-1,0,0,1,0,0.22133,1
0,0,1,0,1,0,-1,0,0,1,0,0.22176,1
0,0,1,0,1,0,-1,0,0,1,0,0.22217,1
0,0,1,0,1,0,-1,0,0,1,0,0.22255,1
0,0,1,0,1,0,-1,0,0,1,0,0.22291,1
0,0,1,0,1,0,-1,0,0,1,0,0.22323,1
0,0,1,0,1,0,-1,0,0,1,0,0.22354,1
0,0,1,0,1,0,-1,0,0,1,0,0.22381,1
0,0,1,0,1,0,-1,0,0,1,0,0.22406,1
0,0,1,0,1,0,-1,0,0,1,0,0.22428,1
0,0,1,0,1,0,-1,0,0,1,0,0.22447,1
0,0,1,0,1,0,-1,0,0,1,0,0.22463,1
0,0,1,0,1,0,-1,0,0,1,0,0.22476,1
0,0,1,0,1,0,-1,0,0,1,0,0.22487,1
0,0,1,0,1,0,-1,0,0,1,0,0.22494,1
0,0,1,0,1,0,-1,0,0,1,0,0.22498,1
0,0,1,0,1,0,-1,0,0,1,0,0.225,1
0,0,1,0,1,0,-1,0,0,1,0,0.225,1
0,2.9551e-05,1,0,1,-2.9551e-05,-1,0,0,0.99998,-1.8813e-05,0.225,1
0,0.00011801,1,0,1,-0.00011801,-1,0,0,0.99992,-7.5125e-05,0.225,1
0,0.00026507,1,0,1,-0.00026507,-1,0,0,0.99983,-0.00016875,0.225,1
0,0.00047044,1,0,1,-0.00047044,-1,0,0,0.9997,-0.00029949,0.225,1
0,0.00073382,1,0,1,-0.00073382,-1,0,0,0.99953,-0.00046717,0.225,1
0,0.0010549,1,0,1,-0.0010549,-1,0,0,0.99933,-0.00067159,0.225,1
0,0.0014334,1,0,1,-0.0014334,-1,0,0,0.99909,-0.00091256,0.225,1
0,0.0018691,1,0,1,-0.0018691,-1,0,0,0.99881,-0.0011899,0.225,1
0,0.0023616,1,0,1,-0.0023616,-1,0,0,0.9985,-0.0015034,0.225,1
0,0.0029106,1,0,1,-0.0029106,-1,0,0,0.99815,-0.0018529,0.225,1
0,0.0035158,0.99999,0,0.99999,-0.0035158,-1,0,0,0.99776,-0.0022382,0.225,1
0,0.004177,0.99999,0,0.99999,-0.004177,-1,0,0,0.99734,-0.0026591,0.225,1
0,0.0048938,0.99999,0,0.99999,-0.0048938,-1,0,0,0.99688,-0.0031155,0.225,1
0,0.0056659,0.99998,0,0.99998,-0.0056659,-1,0,0,0.99639,-0.003607,0.225,1
0,0.0064931,0.99998,0,0.99998,-0.0064931,-1,0,0,0.99587,-0.0041337,0.225,1
0,0.007375,0.99997,0,0.99997,-0.007375,-1,0,0,0.9953,-0.0046951,0.225,1
0,0.0083114,0.99997,0,0.99997,-0.0083114,-1,0,0,0.99471,-0.0052913,0.225,1
0,0.0093019,0.99996,0,0.99996,-0.0093019,-1,0,0,0.99408,-0.0059219,0.225,1
0,0.010346,0.99995,0,0.99995,-0.010346,-1,0,0,0.99341,-0.0065868,0.225,1
0,0.011444,0.99993,0,0.99993,-0.011444,-1,0,0,0.99271,-0.0072858,0.225,1
0,0.012595,0.99992,0,0.99992,-0.012595,-1,0,0,0.99198,-0.0080187,0.225,1
0,0.013799,0.9999,0,0.9999,-0.013799,-1,0,0,0.99121,-0.0087853,0.225,1
0,0.015056,0.99989,0,0.99989,-0.015056,-1,0,0,0.99041,-0.0095854,0.225,1
0,0.016365,0.99987,0,0.99987,-0.016365,-1,0,0,0.98958,-0.010419,0.225,1
0,0.017726,0.99984,0,0.99984,-0.017726,-1,0,0,0.98871,-0.011286,0.225,1
0,0.019139,0.99982,0,0.99982,-0.019139,-1,0,0,0.98781,-0.012185,0.225,1
0,0.020604,0.99979,0,0.99979,-0.020604,-1,0,0,0.98688,-0.013118,0.225,1
0,0.022119,0.99976,0,0.99976,-0.022119,-1,0,0,0.98592,-0.014083,0.225,1
0,0.023685,0.99972,0,0.99972,-0.023685,-1,0,0,0.98492,-0.01508,0.225,1
0,0.025302,0.99968,0,0.99968,-0.025302,-1,0,0,0.98389,-0.01611,0.225,1
0,0.026969,0.99964,0,0.99964,-0.026969,-1,0,0,0.98283,-0.017171,0.225,1
0,0.028686,0.99959,0,0.99959,-0.028686,-1,0,0,0.98174,-0.018265,0.225,1
0,0.030453,0.99954,0,0.99954,-0.030453,-1,0,0,0.98061,-0.01939,0.225,1
0,0.032268,0.99948,0,0.99948,-0.032268,-1,0,0,0.97945,-0.020546,0.225,1
0,0.034133,0.99942,0,0.99942,-0.034133,-1,0,0,0.97827,-0.021734,0.225,1
0,0.036047,0.99935,0,0.99935,-0.036047,-1,0,0,0.97705,-0.022953,0.225,1
0,0.038008,0.99928,0,0.99928,-0.038008,-1,0,0,0.9758,-0.024203,0.225,1
0,0.040018,0.9992,0,0.9992,-0.040018,-1,0,0,0.97452,-0.025483,0.225,1
0,0.042076,0.99911,0,0.99911,-0.042076,-1,0,0,0.97321,-0.026794,0.225,1
0,0.044181,0.99902,0,0.99902,-0.044181,-1,0,0,0.97186,-0.028135,0.225,1
0,0.046333,0.99893,0,0.99893,-0.046333,-1,0,0,0.97049,-0.029507,0.225,1
0,0.048532,0.99882,0,0.99882,-0.048532,-1,0,0,0.96909,-0.030908,0.225,1
0,0.050777,0.99871,0,0.99871,-0.050777,-1,0,0,0.96766,-0.032339,0.225,1
0,0.053068,0.99859,0,0.99859,-0.053068,-1,0,0,0.9662,-0.0338,0.225,1
0,0.055405,0.99846,0,0.99846,-0.055405,-1,0,0,0.96471,-0.03529,0.225,1
0,0.057788,0.99833,0,0.99833,-0.057788,-1,0,0,0.96319,-0.036809,0.225,1
0,0.060216,0.99819,0,0.99819,-0.060216,-1,0,0,0.96164,-0.038358,0.225,1
0,0.062688,0.99803,0,0.99803,-0.062688,-1,0,0,0.96007,-0.039935,0.225,1
0,0.065205,0.99787,0,0.99787,-0.065205,-1,0,0,0.95846,-0.04154,0.225,1
0,0.067766,0.9977,0,0.9977,-0.067766,-1,0,0,0.95683,-0.043175,0.225,1
0,0.070371,0.99752,0,0.99752,-0.070371,-1,0,0,0.95516,-0.044837,0.225,1
0,0.07302,0.99733,0,0.99733,-0.07302,-1,0,0,0.95347,-0.046527,0.225,1
0,0.075712,0.99713,0,0.99713,-0.075712,-1,0,0,0.95175,-0.048246,0.225,1
0,0.078446,0.99692,0,0.99692,-0.078446,-1,0,0,0.95001,-0.049992,0.225,1
0,0.081223,0.9967,0,0.9967,-0.081223,-1,0,0,0.94823,-0.051765,0.225,1
0,0.084042,0.99646,0,0.99646,-0.084042,-1,0,0,0.94643,-0.053566,0.225,1
0,0.086902,0.99622,0,0.99622,-0.086902,-1,0,0,0.94461,-0.055394,0.225,1
0,0.089804,0.99596,0,0.99596,-0.089804,-1,0,0,0.94275,-0.057248,0.225,1
0,0.092747,0.99569,0,0.99569,-0.092747,-1,0,0,0.94087,-0.05913,0.225,1
0,0.095731,0.99541,0,0.99541,-0.095731,-1,0,0,0.93896,-0.061038,0.225,1
0,0.098755,0.99511,0,0.99511,-0.098755,-1,0,0,0.93703,-0.062972,0.225,1
0,0.10182,0.9948,0,0.9948,-0.10182,-1,0,0,0.93507,-0.064933,0.225,1
0,0.10492,0.99448,0,0.99448,-0.10492,-1,0,0,0.93308,-0.066919,0.225,1
0,0.10807,0.99414,0,0.99414,-0.10807,-1,0,0,0.93107,-0.068932,0.225,1
0,0.11125,0.99379,0,0.99379,-0.11125,-1,0,0,0.92903,-0.07097,0.225,1
0,0.11447,0.99343,0,0.99343,-0.11447,-1,0,0,0.92697,-0.073033,0.225,1
0,0.11773,0.99305,0,0.99305,-0.11773,-1,0,0,0.92488,-0.075121,0.225,1
0,0.12102,0.99265,0,0.99265,-0.12102,-1,0,0,0.92276,-0.077235,0.225,1
0,0.12436,0.99224,0,0.99224,-0.12436,-1,0,0,0.92063,-0.079373,0.225,1
0,0.12773,0.99181,0,0.99181,-0.12773,-1,0,0,0.91846,-0.081537,0.225,1
0,0.13113,0.99136,0,0.99136,-0.13113,-1,0,0,0.91628,-0.083724,0.225,1
0,0.13458,0.9909,0,0.9909,-0.13458,-1,0,0,0.91406,-0.085936,0.225,1
0,0.13806,0.99042,0,0.99042,-0.13806,-1,0,0,0.91183,-0.088172,0.225,1
0,0.14157,0.98993,0,0.98993,-0.14157,-1,0,0,0.90957,-0.090432,0.225,1
0,0.14512,0.98941,0,0.98941,-0.14512,-1,0,0,0.90728,-0.092715,0.225,1
0,0.14871,0.98888,0,0.98888,-0.14871,-1,0,0,0.90498,-0.095022,0.225,1
0,0.15233,0.98833,0,0.98833,-0.15233,-1,0,0,0.90265,-0.097352,0.225,1
0,0.15598,0.98776,0,0.98776,-0.15598,-1,0,0,0.90029,-0.099706,0.225,1
0,0.15966,0.98717,0,0.98717,-0.15966,-1,0,0,0.89792,-0.10208,0.225,1
0,0.16338,0.98656,0,0.98656,-0.16338,-1,0,0,0.89552,-0.10448,0.225,1
0,0.16714,0.98593,0,0.98593,-0.16714,-1,0,0,0.8931,-0.1069,0.225,1
0,0.17092,0.98528,0,0.98528,-0.17092,-1,0,0,0.89065,-0.10935,0.225,1
0,0.17474,0.98462,0,0.98462,-0.17474,-1,0,0,0.88819,-0.11181,0.225,1
0,0.17858,0.98392,0,0.98392,-0.17858,-1,0,0,0.8857,-0.1143,0.225,1
0,0.18246,0.98321,0,0.98321,-0.18246,-1,0,0,0.88319,-0.11681,0.225,1
0,0.18637,0.98248,0,0.98248,-0.18637,-1,0,0,0.88066,-0.11934,0.225,1
0,0.19031,0.98172,0,0.98172,-0.19031,-1,0,0,0.8781,-0.1219,0.225,1
0,0.19428,0.98095,0,0.98095,-0.19428,-1,0,0,0.87553,-0.12447,0.225,1
0,0.19827,0.98015,0,0.98015,-0.19827,-1,0,0,0.87293,-0.12707,0.225,1
0,0.2023,0.97932,0,0.97932,-0.2023,-1,0,0,0.87032,-0.12968,0.225,1
0,0.20636,0.97848,0,0.97848,-0.20636,-1,0,0,0.86768,-0.13232,0.225,1
0,0.21044,0.97761,0,0.97761,-0.21044,-1,0,0,0.86502,-0.13498,0.225,1
0,0.21455,0.97671,0,0.97671,-0.21455,-1,0,0,0.86234,-0.13766,0.225,1
0,0.21869,0.97579,0,0.97579,-0.21869,-1,0,0,0.85964,-0.14036,0.225,1
0,0.22285,0.97485,0,0.97485,-0.22285,-1,0,0,0.85693,-0.14307,0.225,1
0,0.22704,0.97388,0,0.97388,-0.22704,-1,0,0,0.85419,-0.14581,0.225,1
0,0.23126,0.97289,0,0.97289,-0.23126,-1,0,0,0.85143,-0.14857,0.225,1
0,0.2355,0.97187,0,0.97187,-0.2355,-1,0,0,0.84866,-0.15134,0.225,1
0,0.23976,0.97083,0,0.97083,-0.23976,-1,0,0,0.84586,-0.15414,0.225,1
0,0.24405,0.96976,0,0.96976,-0.24405,-1,0,0,0.84304,-0.15696,0.225,1
0,0.24837,0.96867,0,0.96867,-0.24837,-1,0,0,0.84021,-0.15979,0.225,1
0,0.25271,0.96754,0,0.96754,-0.25271,-1,0,0,0.83736,-0.16264,0.225,1
0,0.25707,0.96639,0,0.96639,-0.25707,-1,0,0,0.83449,-0.16551,0.225,1
0,0.26145,0.96522,0,0.96522,-0.26145,-1,0,0,0.8316,-0.1684,0.225,1
0,0.26585,0.96401,0,0.96401,-0.26585,-1,0,0,0.82869,-0.17131,0.225,1
0,0.27028,0.96278,0,0.96278,-0.27028,-1,0,0,0.82577,-0.17423,0.225,1
0,0.27473,0.96152,0,0.96152,-0.27473,-1,0,0,0.82283,-0.17717,0.225,1
0,0.27919,0.96023,0,0.96023,-0.27919,-1,0,0,0.81987,-0.18013,0.225,1
0,0.28368,0.95892,0,0.95892,-0.28368,-1,0,0,0.81689,-0.18311,0.225,1
0,0.28819,0.95757,0,0.95757,-0.28819,-1,0,0,0.81389,-0.18611,0.225,1
0,0.29272,0.9562,0,0.9562,-0.29272,-1,0,0,0.81088,-0.18912,0.225,1
0,0.29726,0.9548,0,0.9548,-0.29726,-1,0,0,0.80785,-0.19215,0.225,1
0,0.30182,0.95336,0,0.95336,-0.30182,-1,0,0,0.80481,-0.19519,0.225,1
0,0.3064,0.9519,0,0.9519,-0.3064,-1,0,0,0.80175,-0.19825,0.225,1
0,0.311,0.95041,0,0.95041,-0.311,-1,0,0,0.79867,-0.20133,0.225,1
0,0.31561,0.94889,0,0.94889,-0.31561,-1,0,0,0.79558,-0.20442,0.225,1
0,0.32024,0.94734,0,0.94734,-0.32024,-1,0,0,0.79247,-0.20753,0.225,1
0,0.32489,0.94575,0,0.94575,-0.32489,-1,0,0,0.78935,-0.21065,0.225,1
0,0.32955,0.94414,0,0.94414,-0.32955,-1,0,0,0.78621,-0.21379,0.225,1
0,0.33422,0.94249,0,0.94249,-0.33422,-1,0,0,0.78305,-0.21695,0.225,1
0,0.33891,0.94082,0,0.94082,-0.33891,-1,0,0,0.77988,-0.22012,0.225,1
0,0.34361,0.93911,0,0.93911,-0.34361,-1,0,0,0.7767,-0.2233,0.225,1
0,0.34833,0.93737,0,0.93737,-0.34833,-1,0,0,0.7735,-0.2265,0.225,1
0,0.35306,0.9356,0,0.9356,-0.35306,-1,0,0,0.77028,-0.22972,0.225,1
0,0.3578,0.9338,0,0.9338,-0.3578,-1,0,0,0.76706,-0.23294,0.225,1
0,0.36255,0.93197,0,0.93197,-0.36255,-1,0,0,0.76381,-0.23619,0.225,1
0,0.36731,0.9301,0,0.9301,-0.36731,-1,0,0,0.76056,-0.23944,0.225,1
0,0.37208,0.9282,0,0.9282,-0.37208,-1,0,0,0.75729,-0.24271,0.225,1
0,0.37686,0.92627,0,0.92627,-0.37686,-1,0,0,0.754,-0.246,0.225,1
0,0.38166,0.9243,0,0.9243,-0.38166,-1,0,0,0.75071,-0.24929,0.225,1
0,0.38646,0.92231,0,0.92231,-0.38646,-1,0,0,0.7474,-0.2526,0.225,1
0,0.39126,0.92028,0,0.92028,-0.39126,-1,0,0,0.74408,-0.25592,0.225,1
0,0.39608,0.91822,0,0.91822,-0.39608,-1,0,0,0.74074,-0.25926,0.225,1
0,0.4009,0.91612,0,0.91612,-0.4009,-1,0,0,0.73739,-0.26261,0.225,1
0,0.40573,0.91399,0,0.91399,-0.40573,-1,0,0,0.73403,-0.26597,0.225,1
0,0.41057,0.91183,0,0.91183,-0.41057,-1,0,0,0.73066,-0.26934,0.225,1
0,0.41541,0.90963,0,0.90963,-0.41541,-1,0,0,0.72728,-0.27272,0.225,1
0,0.42026,0.9074,0,0.9074,-0.42026,-1,0,0,0.72388,-0.27612,0.225,1
0,0.42511,0.90514,0,0.90514,-0.42511,-1,0,0,0.72047,-0.27953,0.225,1
0,0.42996,0.90285,0,0.90285,-0.42996,-1,0,0,0.71705,-0.28295,0.225,1
0,0.43482,0.90052,0,0.90052,-0.43482,-1,0,0,0.71362,-0.28638,0.225,1
0,0.43969,0.89815,0,0.89815,-0.43969,-1,0,0,0.71018,-0.28982,0.225,1
0,0.44455,0.89575,0,0.89575,-0.44455,-1,0,0,0.70673,-0.29327,0.225,1
0,0.44942,0.89332,0,0.89332,-0.44942,-1,0,0,0.70326,-0.29674,0.225,1
0,0.45428,0.89086,0,0.89086,-0.45428,-1,0,0,0.69979,-0.30021,0.225,1
0,0.45915,0.88836,0,0.88836,-0.45915,-1,0,0,0.69631,-0.30369,0.225,1
0,0.46402,0.88582,0,0.88582,-0.46402,-1,0,0,0.69281,-0.30719,0.225,1
0,0.46889,0.88326,0,0.88326,-0.46889,-1,0,0,0.68931,-0.31069,0.225,1
0,0.47376,0.88066,0,0.88066,-0.47376,-1,0,0,0.68579,-0.31421,0.225,1
0,0.47862,0.87802,0,0.87802,-0.47862,-1,0,0,0.68227,-0.31773,0.225,1
0,0.48349,0.87535,0,0.87535,-0.48349,-1,0,0,0.67874,-0.32126,0.225,1
0,0.48835,0.87265,0,0.87265,-0.48835,-1,0,0,0.6752,-0.3248,0.225,1
0,0.49321,0.86991,0,0.86991,-0.49321,-1,0,0,0.67165,-0.32835,0.225,1
0,0.49807,0.86714,0,0.86714,-0.49807,-1,0,0,0.66809,-0.33191,0.225,1
0,0.50292,0.86433,0,0.86433,-0.50292,-1,0,0,0.66452,-0.33548,0.225,1
0,0.50777,0.86149,0,0.86149,-0.50777,-1,0,0,0.66094,-0.33906,0.225,1
0,0.51261,0.85862,0,0.85862,-0.51261,-1,0,0,0.65736,-0.34264,0.225,1
0,0.51745,0.85572,0,0.85572,-0.51745,-1,0,0,0.65376,-0.34624,0.225,1
0,0.52228,0.85277,0,0.85277,-0.52228,-1,0,0,0.65016,-0.34984,0.225,1
0,0.5271,0.8498,0,0.8498,-0.5271,-1,0,0,0.64656,-0.35344,0.225,1
0,0.53192,0.84679,0,0.84679,-0.53192,-1,0,0,0.64294,-0.35706,0.225,1
0,0.53673,0.84375,0,0.84375,-0.53673,-1,0,0,0.63932,-0.36068,0.225,1
0,0.54153,0.84068,0,0.84068,-0.54153,-1,0,0,0.63569,-0.36431,0.225,1
0,0.54633,0.83757,0,0.83757,-0.54633,-1,0,0,0.63205,-0.36795,0.225,1
0,0.55111,0.83443,0,0.83443,-0.55111,-1,0,0,0.62841,-0.37159,0.225,1
0,0.55589,0.83126,0,0.83126,-0.55589,-1,0,0,0.62476,-0.37524,0.225,1
0,0.56065,0.82805,0,0.82805,-0.56065,-1,0,0,0.6211,-0.3789,0.225,1
0,0.56541,0.82481,0,0.82481,-0.56541,-1,0,0,0.61744,-0.38256,0.225,1
0,0.57015,0.82154,0,0.82154,-0.57015,-1,0,0,0.61377,-0.38623,0.225,1
0,0.57488,0.81823,0,0.81823,-0.57488,-1,0,0,0.61009,-0.38991,0.225,1
0,0.5796,0.8149,0,0.8149,-0.5796,-1,0,0,0.60641,-0.39359,0.225,1
0,0.58431,0.81153,0,0.81153,-0.58431,-1,0,0,0.60273,-0.39727,0.225,1
0,0.58901,0.80813,0,0.80813,-0.58901,-1,0,0,0.59904,-0.40096,0.225,1
0,0.59369,0.8047,0,0.8047,-0.59369,-1,0,0,0.59534,-0.40466,0.225,1
0,0.59836,0.80123,0,0.80123,-0.59836,-1,0,0,0.59164,-0.40836,0.225,1
0,0.60301,0.79774,0,0.79774,-0.60301,-1,0,0,0.58794,-0.41206,0.225,1
0,0.60765,0.79421,0,0.79421,-0.60765,-1,0,0,0.58423,-0.41577,0.225,1
0,0.61227,0.79065,0,0.79065,-0.61227,-1,0,0,0.58051,-0.41949,0.225,1
0,0.61688,0.78706,0,0.78706,-0.61688,-1,0,0,0.5768,-0.4232,0.225,1
0,0.62147,0.78344,0,0.78344,-0.62147,-1,0,0,0.57307,-0.42693,0.225,1
0,0.62604,0.77979,0,0.77979,-0.62604,-1,0,0,0.56935,-0.43065,0.225,1
0,0.6306,0.77611,0,0.77611,-0.6306,-1,0,0,0.56562,-0.43438,0.225,1
0,0.63514,0.7724,0,0.7724,-0.63514,-1,0,0,0.56189,-0.43811,0.225,1
0,0.63966,0.76866,0,0.76866,-0.63966,-1,0,0,0.55815,-0.44185,0.225,1
0,0.64416,0.76489,0,0.76489,-0.64416,-1,0,0,0.55442,-0.44558,0.225,1
0,0.64864,0.76109,0,0.76109,-0.64864,-1,0,0,0.55067,-0.44933,0.225,1
0,0.65311,0.75727,0,0.75727,-0.65311,-1,0,0,0.54693,-0.45307,0.225,1
0,0.65755,0.75341,0,0.75341,-0.65755,-1,0,0,0.54319,-0.45681,0.225,1
0,0.66197,0.74953,0,0.74953,-0.66197,-1,0,0,0.53944,-0.46056,0.225,1
0,0.66638,0.74561,0,0.74561,-0.66638,-1,0,0,0.53569,-0.46431,0.225,1
0,0.67076,0.74167,0,0.74167,-0.67076,-1,0,0,0.53194,-0.46806,0.225,1
0,0.67512,0.73771,0,0.73771,-0.67512,-1,0,0,0.52818,-0.47182,0.225,1
0,0.67946,0.73371,0,0.73371,-0.67946,-1,0,0,0.52443,-0.47557,0.225,1
0,0.68378,0.72969,0,0.72969,-0.68378,-1,0,0,0.52067,-0.47933,0.225,1
0,0.68807,0.72564,0,0.72564,-0.68807,-1,0,0,0.51691,-0.48309,0.225,1
0,0.69234,0.72157,0,0.72157,-0.69234,-1,0,0,0.51316,-0.48684,0.225,1
0,0.69659,0.71747,0,0.71747,-0.69659,-1,0,0,0.5094,-0.4906,0.225,1
0,0.70082,0.71334,0,0.71334,-0.70082,-1,0,0,0.50564,-0.49436,0.225,1
0,0.70502,0.70919,0,0.70919,-0.70502,-1,0,0,0.50188,-0.49812,0.225,1
0,0.70919,0.70502,0,0.70502,-0.70919,-1,0,0,0.49812,-0.50188,0.225,1
0,0.71334,0.70082,0,0.70082,-0.71334,-1,0,0,0.49436,-0.50564,0.225,1
0,0.71747,0.69659,0,0.69659,-0.71747,-1,0,0,0.4906,-0.5094,0.225,1
0,0.72157,0.69234,0,0.69234,-0.72157,-1,0,0,0.48684,-0.51316,0.225,1
0,0.72564,0.68807,0,0.68807,-0.72564,-1,0,0,0.48309,-0.51691,0.225,1
0,0.72969,0.68378,0,0.68378,-0.72969,-1,0,0,0.47933,-0.52067,0.225,1
0,0.73371,0.67946,0,0.67946,-0.73371,-1,0,0,0.47557,-0.52443,0.225,1
0,0.73771,0.67512,0,0.67512,-0.73771,-1,0,0,0.47182,-0.52818,0.225,1
0,0.74167,0.67076,0,0.67076,-0.74167,-1,0,0,0.46806,-0.53194,0.225,1
0,0.74561,0.66638,0,0.66638,-0.74561,-1,0,0,0.46431,-0.53569,0.225,1
0,0.74953,0.66197,0,0.66197,-0.74953,-1,0,0,0.46056,-0.53944,0.225,1
0,0.75341,0.65755,0,0.65755,-0.75341,-1,0,0,0.45681,-0.54319,0.225,1
0,0.75727,0.65311,0,0.65311,-0.75727,-1,0,0,0.45307,-0.54693,0.225,1
0,0.76109,0.64864,0,0.64864,-0.76109,-1,0,0,0.44933,-0.55067,0.225,1
0,0.76489,0.64416,0,0.64416,-0.76489,-1,0,0,0.44558,-0.55442,0.225,1
0,0.76866,0.63966,0,0.63966,-0.76866,-1,0,0,0.44185,-0.55815,0.225,1
0,0.7724,0.63514,0,0.63514,-0.7724,-1,0,0,0.43811,-0.56189,0.225,1
0,0.77611,0.6306,0,0.6306,-0.77611,-1,0,0,0.43438,-0.56562,0.225,1
0,0.77979,0.62604,0,0.62604,-0.77979,-1,0,0,0.43065,-0.56935,0.225,1
0,0.78344,0.62147,0,0.62147,-0.78344,-1,0,0,0.42693,-0.57307,0.225,1
0,0.78706,0.61688,0,0.61688,-0.78706,-1,0,0,0.4232,-0.5768,0.225,1
0,0.79065,0.61227,0,0.61227,-0.79065,-1,0,0,0.41949,-0.58051,0.225,1
0,0.79421,0.60765,0,0.60765,-0.79421,-1,0,0,0.41577,-0.58423,0.225,1
0,0.79774,0.60301,0,0.60301,-0.79774,-1,0,0,0.41206,-0.58794,0.225,1
0,0.80123,0.59836,0,0.59836,-0.80123,-1,0,0,0.40836,-0.59164,0.225,1
0,0.8047,0.59369,0,0.59369,-0.8047,-1,0,0,0.40466,-0.59534,0.225,1
0,0.80813,0.58901,0,0.58901,-0.80813,-1,0,0,0.40096,-0.59904,0.225,1
0,0.81153,0.58431,0,0.58431,-0.81153,-1,0,0,0.39727,-0.60273,0.225,1
0,0.8149,0.5796,0,0.5796,-0.8149,-1,0,0,0.39359,-0.60641,0.225,1
0,0.81823,0.57488,0,0.57488,-0.81823,-1,0,0,0.38991,-0.61009,0.225,1
0,0.82154,0.57015,0,0.57015,-0.82154,-1,0,0,0.38623,-0.61377,0.225,1
0,0.82481,0.56541,0,0.56541,-0.82481,-1,0,0,0.38256,-0.61744,0.225,1
0,0.82805,0.56065,0,0.56065,-0.82805,-1,0,0,0.3789,-0.6211,0.225,1
0,0.83126,0.55589,0,0.55589,-0.83126,-1,0,0,0.37524,-0.62476,0.225,1
0,0.83443,0.55111,0,0.55111,-0.83443,-1,0,0,0.37159,-0.62841,0.225,1
0,0.83757,0.54633,0,0.54633,-0.83757,-1,0,0,0.36795,-0.63205,0.225,1
0,0.84068,0.54153,0,0.54153,-0.84068,-1,0,0,0.36431,-0.63569,0.225,1
0,0.84375,0.53673,0,0.53673,-0.84375,-1,0,0,0.36068,-0.63932,0.225,1
0,0.84679,0.53192,0,0.53192,-0.84679,-1,0,0,0.35706,-0.64294,0.225,1
0,0.8498,0.5271,0,0.5271,-0.8498,-1,0,0,0.35344,-0.64656,0.225,1
0,0.85277,0.52228,0,0.52228,-0.85277,-1,0,0,0.34984,-0.65016,0.225,1
0,0.85572,0.51745,0,0.51745,-0.85572,-1,0,0,0.34624,-0.65376,0.225,1
0,0.85862,0.51261,0,0.51261,-0.85862,-1,0,0,0.34264,-0.65736,0.225,1
0,0.86149,0.50777,0,0.50777,-0.86149,-1,0,0,0.33906,-0.66094,0.225,1
0,0.86433,0.50292,0,0.50292,-0.86433,-1,0,0,0.33548,-0.66452,0.225,1
0,0.86714,0.49807,0,0.49807,-0.86714,-1,0,0,0.33191,-0.66809,0.225,1
0,0.86991,0.49321,0,0.49321,-0.86991,-1,0,0,0.32835,-0.67165,0.225,1
0,0.87265,0.48835,0,0.48835,-0.87265,-1,0,0,0.3248,-0.6752,0.225,1
0,0.87535,0.48349,0,0.48349,-0.87535,-1,0,0,0.32126,-0.67874,0.225,1
0,0.87802,0.47862,0,0.47862,-0.87802,-1,0,0,0.31773,-0.68227,0.225,1
0,0.88066,0.47376,0,0.47376,-0.88066,-1,0,0,0.31421,-0.68579,0.225,1
0,0.88326,0.46889,0,0.46889,-0.88326,-1,0,0,0.31069,-0.68931,0.225,1
0,0.88582,0.46402,0,0.46402,-0.88582,-1,0,0,0.30719,-0.69281,0.225,1
0,0.88836,0.45915,0,0.45915,-0.88836,-1,0,0,0.30369,-0.69631,0.225,1
0,0.89086,0.45428,0,0.45428,-0.89086,-1,0,0,0.30021,-0.69979,0.225,1
0,0.89332,0.44942,0,0.44942,-0.89332,-1,0,0,0.29674,-0.70326,0.225,1
0,0.89575,0.44455,0,0.44455,-0.89575,-1,0,0,0.29327,-0.70673,0.225,1
0,0.89815,0.43969,0,0.43969,-0.89815,-1,0,0,0.28982,-0.71018,0.225,1
0,0.90052,0.43482,0,0.43482,-0.90052,-1,0,0,0.28638,-0.71362,0.225,1
0,0.90285,0.42996,0,0.42996,-0.90285,-1,0,0,0.28295,-0.71705,0.225,1
0,0.90514,0.42511,0,0.42511,-0.90514,-1,0,0,0.27953,-0.72047,0.225,1
0,0.9074,0.42026,0,0.42026,-0.9074,-1,0,0,0.27612,-0.72388,0.225,1
0,0.90963,0.41541,0,0.41541,-0.90963,-1,0,0,0.27272,-0.72728,0.225,1
0,0.91183,0.41057,0,0.41057,-0.91183,-1,0,0,0.26934,-0.73066,0.225,1
0,0.91399,0.40573,0,0.40573,-0.91399,-1,0,0,0.26597,-0.73403,0.225,1
0,0.91612,0.4009,0,0.4009,-0.91612,-1,0,0,0.26261,-0.73739,0.225,1
0,0.91822,0.39608,0,0.39608,-0.91822,-1,0,0,0.25926,-0.74074,0.225,1
0,0.92028,0.39126,0,0.39126,-0.92028,-1,0,0,0.25592,-0.74408,0.225,1
0,0.92231,0.38646,0,0.38646,-0.92231,-1,0,0,0.2526,-0.7474,0.225,1
0,0.9243,0.38166,0,0.38166,-0.9243,-1,0,0,0.24929,-0.75071,0.225,1
0,0.92627,0.37686,0,0.37686,-0.92627,-1,0,0,0.246,-0.754,0.225,1
0,0.9282,0.37208,0,0.37208,-0.9282,-1,0,0,0.24271,-0.75729,0.225,1
0,0.9301,0.36731,0,0.36731,-0.9301,-1,0,0,0.23944,-0.76056,0.225,1
0,0.93197,0.36255,0,0.36255,-0.93197,-1,0,0,0.23619,-0.76381,0.225,1
0,0.9338,0.3578,0,0.3578,-0.9338,-1,0,0,0.23294,-0.76706,0.225,1
0,0.9356,0.35306,0,0.35306,-0.9356,-1,0,0,0.22972,-0.77028,0.225,1
0,0.93737,0.34833,0,0.34833,-0.93737,-1,0,0,0.2265,-0.7735,0.225,1
0,0.93911,0.34361,0,0.34361,-0.93911,-1,0,0,0.2233,-0.7767,0.225,1
0,0.94082,0.33891,0,0.33891,-0.94082,-1,0,0,0.22012,-0.77988,0.225,1
0,0.94249,0.33422,0,0.33422,-0.94249,-1,0,0,0.21695,-0.78305,0.225,1
0,0.94414,0.32955,0,0.32955,-0.94414,-1,0,0,0.21379,-0.78621,0.225,1
0,0.94575,0.32489,0,0.32489,-0.94575,-1,0,0,0.21065,-0.78935,0.225,1
0,0.94734,0.32024,0,0.32024,-0.94734,-1,0,0,0.20753,-0.79247,0.225,1
0,0.94889,0.31561,0,0.31561,-0.94889,-1,0,0,0.20442,-0.79558,0.225,1
0,0.95041,0.311,0,0.311,-0.95041,-1,0,0,0.20133,-0.79867,0.225,1
0,0.9519,0.3064,0,0.3064,-0.9519,-1,0,0,0.19825,-0.80175,0.225,1
0,0.95336,0.30182,0,0.30182,-0.95336,-1,0,0,0.19519,-0.80481,0.225,1
0,0.9548,0.29726,0,0.29726,-0.9548,-1,0,0,0.19215,-0.80785,0.225,1
0,0.9562,0.29272,0,0.29272,-0.9562,-1,0,0,0.18912,-0.81088,0.225,1
0,0.95757,0.28819,0,0.28819,-0.95757,-1,0,0,0.18611,-0.81389,0.225,1
0,0.95892,0.28368,0,0.28368,-0.95892,-1,0,0,0.18311,-0.81689,0.225,1
0,0.96023,0.27919,0,0.27919,-0.96023,-1,0,0,0.18013,-0.81987,0.225,1
0,0.96152,0.27473,0,0.27473,-0.96152,-1,0,0,0.17717,-0.82283,0.225,1
0,0.96278,0.27028,0,0.27028,-0.96278,-1,0,0,0.17423,-0.82577,0.225,1
0,0.96401,0.26585,0,0.26585,-0.96401,-1,0,0,0.17131,-0.82869,0.225,1
0,0.96522,0.26145,0,0.26145,-0.96522,-1,0,0,0.1684,-0.8316,0.225,1
0,0.96639,0.25707,0,0.25707,-0.96639,-1,0,0,0.16551,-0.83449,0.225,1
0,0.96754,0.25271,0,0.25271,-0.96754,-1,0,0,0.16264,-0.83736,0.225,1
0,0.96867,0.24837,0,0.24837,-0.96867,-1,0,0,0.15979,-0.84021,0.225,1
0,0.96976,0.24405,0,0.24405,-0.96976,-1,0,0,0.15696,-0.84304,0.225,1
0,0.97083,0.23976,0,0.23976,-0.97083,-1,0,0,0.15414,-0.84586,0.225,1
0,0.97187,0.2355,0,0.2355,-0.97187,-1,0,0,0.15134,-0.84866,0.225,1
0,0.97289,0.23126,0,0.23126,-0.97289,-1,0,0,0.14857,-0.85143,0.225,1
0,0.97388,0.22704,0,0.22704,-0.97388,-1,0,0,0.14581,-0.85419,0.225,1
0,0.97485,0.22285,0,0.22285,-0.97485,-1,0,0,0.14307,-0.85693,0.225,1
0,0.97579,0.21869,0,0.21869,-0.97579,-1,0,0,0.14036,-0.85964,0.225,1
0,0.97671,0.21455,0,0.21455,-0.97671,-1,0,0,0.13766,-0.86234,0.225,1
0,0.97761,0.21044,0,0.21044,-0.97761,-1,0,0,0.13498,-0.86502,0.225,1
0,0.97848,0.20636,0,0.20636,-0.97848,-1,0,0,0.13232,-0.86768,0.225,1
0,0.97932,0.2023,0,0.2023,-0.97932,-1,0,0,0.12968,-0.87032,0.225,1
0,0.98015,0.19827,0,0.19827,-0.98015,-1,0,0,0.12707,-0.87293,0.225,1
0,0.98095,0.19428,0,0.19428,-0.98095,-1,0,0,0.12447,-0.87553,0.225,1
0,0.98172,0.19031,0,0.19031,-0.98172,-1,0,0,0.1219,-0.8781,0.225,1
0,0.98248,0.18637,0,0.18637,-0.98248,-1,0,0,0.11934,-0.88066,0.225,1
0,0.98321,0.18246,0,0.18246,-0.98321,-1,0,0,0.11681,-0.88319,0.225,1
0,0.98392,0.17858,0,0.17858,-0.98392,-1,0,0,0.1143,-0.8857,0.225,1
0,0.98462,0.17474,0,0.17474,-0.98462,-1,0,0,0.11181,-0.88819,0.225,1
0,0.98528,0.17092,0,0.17092,-0.98528,-1,0,0,0.10935,-0.89065,0.225,1
0,0.98593,0.16714,0,0.16714,-0.98593,-1,0,0,0.1069,-0.8931,0.225,1
0,0.98656,0.16338,0,0.16338,-0.98656,-1,0,0,0.10448,-0.89552,0.225,1
0,0.98717,0.15966,0,0.15966,-0.98717,-1,0,0,0.10208,-0.89792,0.225,1
0,0.98776,0.15598,0,0.15598,-0.98776,-1,0,0,0.099706,-0.90029,0.225,1
0,0.98833,0.15233,0,0.15233,-0.98833,-1,0,0,0.097352,-0.90265,0.225,1
0,0.98888,0.14871,0,0.14871,-0.98888,-1,0,0,0.095022,-0.90498,0.225,1
0,0.98941,0.14512,0,0.14512,-0.98941,-1,0,0,0.092715,-0.90728,0.225,1
0,0.98993,0.14157,0,0.14157,-0.98993,-1,0,0,0.090432,-0.90957,0.225,1
0,0.99042,0.13806,0,0.13806,-0.99042,-1,0,0,0.088172,-0.91183,0.225,1
0,0.9909,0.13458,0,0.13458,-0.9909,-1,0,0,0.085936,-0.91406,0.225,1
0,0.99136,0.13113,0,0.13113,-0.99136,-1,0,0,0.083724,-0.91628,0.225,1
0,0.99181,0.12773,0,0.12773,-0.99181,-1,0,0,0.081537,-0.91846,0.225,1
0,0.99224,0.12436,0,0.12436,-0.99224,-1,0,0,0.079373,-0.92063,0.225,1
0,0.99265,0.12102,0,0.12102,-0.99265,-1,0,0,0.077235,-0.92276,0.225,1
0,0.99305,0.11773,0,0.11773,-0.99305,-1,0,0,0.075121,-0.92488,0.225,1
0,0.99343,0.11447,0,0.11447,-0.99343,-1,0,0,0.073033,-0.92697,0.225,1
0,0.99379,0.11125,0,0.11125,-0.99379,-1,0,0,0.07097,-0.92903,0.225,1
0,0.99414,0.10807,0,0.10807,-0.99414,-1,0,0,0.068932,-0.93107,0.225,1
0,0.99448,0.10492,0,0.10492,-0.99448,-1,0,0,0.066919,-0.93308,0.225,1
0,0.9948,0.10182,0,0.10182,-0.9948,-1,0,0,0.064933,-0.93507,0.225,1
0,0.99511,0.098755,0,0.098755,-0.99511,-1,0,0,0.062972,-0.93703,0.225,1
0,0.99541,0.095731,0,0.095731,-0.99541,-1,0,0,0.061038,-0.93896,0.225,1
0,0.99569,0.092747,0,0.092747,-0.99569,-1,0,0,0.05913,-0.94087,0.225,1
0,0.99596,0.089804,0,0.089804,-0.99596,-1,0,0,0.057248,-0.94275,0.225,1
0,0.99622,0.086902,0,0.086902,-0.99622,-1,0,0,0.055394,-0.94461,0.225,1
0,0.99646,0.084042,0,0.084042,-0.99646,-1,0,0,0.053566,-0.94643,0.225,1
0,0.9967,0.081223,0,0.081223,-0.9967,-1,0,0,0.051765,-0.94823,0.225,1
0,0.99692,0.078446,0,0.078446,-0.99692,-1,0,0,0.049992,-0.95001,0.225,1
0,0.99713,0.075712,0,0.075712,-0.99713,-1,0,0,0.048246,-0.95175,0.225,1
0,0.99733,0.07302,0,0.07302,-0.99733,-1,0,0,0.046527,-0.95347,0.225,1
0,0.99752,0.070371,0,0.070371,-0.99752,-1,0,0,0.044837,-0.95516,0.225,1
0,0.9977,0.067766,0,0.067766,-0.9977,-1,0,0,0.043175,-0.95683,0.225,1
0,0.99787,0.065205,0,0.065205,-0.99787,-1,0,0,0.04154,-0.95846,0.225,1
0,0.99803,0.062688,0,0.062688,-0.99803,-1,0,0,0.039935,-0.96007,0.225,1
0,0.99819,0.060216,0,0.060216,-0.99819,-1,0,0,0.038358,-0.96164,0.225,1
0,0.99833,0.057788,0,0.057788,-0.99833,-1,0,0,0.036809,-0.96319,0.225,1
0,0.99846,0.055405,0,0.055405,-0.99846,-1,0,0,0.03529,-0.96471,0.225,1
0,0.99859,0.053068,0,0.053068,-0.99859,-1,0,0,0.0338,-0.9662,0.225,1
0,0.99871,0.050777,0,0.050777,-0.99871,-1,0,0,0.032339,-0.96766,0.225,1
0,0.99882,0.048532,0,0.048532,-0.99882,-1,0,0,0.030908,-0.96909,0.225,1
0,0.99893,0.046333,0,0.046333,-0.99893,-1,0,0,0.029507,-0.97049,0.225,1
0,0.99902,0.044181,0,0.044181,-0.99902,-1,0,0,0.028135,-0.97186,0.225,1
0,0.99911,0.042076,0,0.042076,-0.99911,-1,0,0,0.026794,-0.97321,0.225,1
0,0.9992,0.040018,0,0.040018,-0.9992,-1,0,0,0.025483,-0.97452,0.225,1
0,0.99928,0.038008,0,0.038008,-0.99928,-1,0,0,0.024203,-0.9758,0.225,1
0,0.99935,0.036047,0,0.036047,-0.99935,-1,0,0,0.022953,-0.97705,0.225,1
0,0.99942,0.034133,0,0.034133,-0.99942,-1,0,0,0.021734,-0.97827,0.225,1
0,0.99948,0.032268,0,0.032268,-0.99948,-1,0,0,0.020546,-0.97945,0.225,1
0,0.99954,0.030453,0,0.030453,-0.99954,-1,0,0,0.01939,-0.98061,0.225,1
0,0.99959,0.028686,0,0.028686,-0.99959,-1,0,0,0.018265,-0.98174,0.225,1
0,0.99964,0.026969,0,0.026969,-0.99964,-1,0,0,0.017171,-0.98283,0.225,1
0,0.99968,0.025302,0,0.025302,-0.99968,-1,0,0,0.01611,-0.98389,0.225,1
0,0.99972,0.023685,0,0.023685,-0.99972,-1,0,0,0.01508,-0.98492,0.225,1
0,0.99976,0.022119,0,0.022119,-0.99976,-1,0,0,0.014083,-0.98592,0.225,1
0,0.99979,0.020604,0,0.020604,-0.99979,-1,0,0,0.013118,-0.98688,0.225,1
0,0.99982,0.019139,0,0.019139,-0.99982,-1,0,0,0.012185,-0.98781,0.225,1
0,0.99984,0.017726,0,0.017726,-0.99984,-1,0,0,0.011286,-0.98871,0.225,1
0,0.99987,0.016365,0,0.016365,-0.99987,-1,0,0,0.010419,-0.98958,0.225,1
0,0.99989,0.015056,0,0.015056,-0.99989,-1,0,0,0.0095854,-0.99041,0.225,1
0,0.9999,0.013799,0,0.013799,-0.9999,-1,0,0,0.0087853,-0.99121,0.225,1
0,0.99992,0.012595,0,0.012595,-0.99992,-1,0,0,0.0080187,-0.99198,0.225,1
0,0.99993,0.011444,0,0.011444,-0.99993,-1,0,0,0.0072858,-0.99271,0.225,1
0,0.99995,0.010346,0,0.010346,-0.99995,-1,0,0,0.0065868,-0.99341,0.225,1
0,0.99996,0.0093019,0,0.0093019,-0.99996,-1,0,0,0.0059219,-0.99408,0.225,1
0,0.99997,0.0083114,0,0.0083114,-0.99997,-1,0,0,0.0052913,-0.99471,0.225,1
0,0.99997,0.007375,0,0.007375,-0.99997,-1,0,0,0.0046951,-0.9953,0.225,1
0,0.99998,0.0064931,0,0.0064931,-0.99998,-1,0,0,0.0041337,-0.99587,0.225,1
0,0.99998,0.0056659,0,0.0056659,-0.99998,-1,0,0,0.003607,-0.99639,0.225,1
0,0.99999,0.0048938,0,0.0048938,-0.99999,-1,0,0,0.0031155,-0.99688,0.225,1
0,0.99999,0.004177,0,0.004177,-0.99999,-1,0,0,0.0026591,-0.99734,0.225,1
0,0.99999,0.0035158,0,0.0035158,-0.99999,-1,0,0,0.0022382,-0.99776,0.225,1
0,1,0.0029106,0,0.0029106,-1,-1,0,0,0.0018529,-0.99815,0.225,1
0,1,0.0023616,0,0.0023616,-1,-1,0,0,0.0015034,-0.9985,0.225,1
0,1,0.0018691,0,0.0018691,-1,-1,0,0,0.0011899,-0.99881,0.225,1
0,1,0.0014334,0,0.0014334,-1,-1,0,0,0.00091256,-0.99909,0.225,1
0,1,0.0010549,0,0.0010549,-1,-1,0,0,0.00067159,-0.99933,0.225,1
0,1,0.00073382,0,0.00073382,-1,-1,0,0,0.00046717,-0.99953,0.225,1
0,1,0.00047044,0,0.00047044,-1,-1,0,0,0.00029949,-0.9997,0.225,1
0,1,0.00026507,0,0.00026507,-1,-1,0,0,0.00016875,-0.99983,0.225,1
0,1,0.00011801,0,0.00011801,-1,-1,0,0,7.5125e-05,-0.99992,0.225,1
0,1,2.9551e-05,0,2.9551e-05,-1,-1,0,0,1.8813e-05,-0.99998,0.225,1
0,1,1.1102e-16,0,1.1102e-16,-1,-1,0,0,0,-1,0.225,1
0,1,0,0,0,-1,-1,0,0,0,-1,0.225,1
0,1,0,0,0,-1,-1,0,0,0,-1,0.22498,1
0,1,0,0,0,-1,-1,0,0,0,-1,0.22494,1
0,1,0,0,0,-1,-1,0,0,0,-1,0.22487,1
0,1,0,0,0,-1,-1,0,0,0,-1,0.22476,1
0,1,0,0,0,-1,-1,0,0,0,-1,0.22463,1
0,1,0,0,0,-1,-1,0,0,0,-1,0.22447,1
0,1,0,0,0,-1,-1,0,0,0,-1,0.22428,1
0,1,0,0,0,-1,-1,0,0,0,-1,0.22406,1
0,1,0,0,0,-1,-1,0,0,0,-1,0.22381,1
0,1,0,0,0,-1,-1,0,0,0,-1,0.22354,1
0,1,0,0,0,-1,-1,0,0,0,-1,0.22323,1
0,1,0,0,0,-1,-1,0,0,0,-1,0.22291,1
0,1,0,0,0,-1,-1,0,0,0,-1,0.22255,1
0,1,0,0,0,-1,-1,0,0,0,-1,0.22217,1
0,1,0,0,0,-1,-1,0,0,0,-1,0.22176,1
0,1,0,0,0,-1,-1,0,0,0,-1,0.22133,1
0,1,0,0,0,-1,-1,0,0,0,-1,0.22087,1
0,1,0,0,0,-1,-1,0,0,0,-1,0.22039,1
0,1,0,0,0,-1,-1,0,0,0,-1,0.21988,1
0,1,0,0,0,-1,-1,0,0,0,-1,0.21935,1
0,1,0,0,0,-1,-1,0,0,0,-1,0.21879,1
0,1,0,0,0,-1,-1,0,0,0,-1,0.21821,1
0,1,0,0,0,-1,-1,0,0,0,-1,0.2176,1
0,1,0,0,0,-1,-1,0,0,0,-1,0.21697,1
0,1,0,0,0,-1,-1,0,0,0,-1,0.21632,1
0,1,0,0,0,-1,-1,0,0,0,-1,0.21565,1
0,1,0,0,0,-1,-1,0,0,0,-1,0.21495,1
0,1,0,0,0,-1,-1,0,0,0,-1,0.21424,1
0,1,0,0,0,-1,-1,0,0,0,-1,0.2135,1
0,1,0,0,0,-1,-1,0,0,0,-1,0.21273,1
0,1,0,0,0,-1,-1,0,0,0,-1,0.21195,1
0,1,0,0,0,-1,-1,0,0,0,-1,0.21115,1
0,1,0,0,0,-1,-1,0,0,0,-1,0.21032,1
0,1,0,0,0,-1,-1,0,0,0,-1,0.20948,1
0,1,0,0,0,-1,-1,0,0,0,-1,0.20862,1
0,1,0,0,0,-1,-1,0,0,0,-1,0.20773,1
0,1,0,0,0,-1,-1,0,0,0,-1,0.20683,1
0,1,0,0,0,-1,-1,0,0,0,-1,0.20591,1
0,1,0,0,0,-1,-1,0,0,0,-1,0.20497,1
0,1,0,0,0,-1,-1,0,0,0,-1,0.20401,1
0,1,0,0,0,-1,-1,0,0,0,-1,0.20303,1
0,1,0,0,0,-1,-1,0,0,0,-1,0.20203,1
0,1,0,0,0,-1,-1,0,0,0,-1,0.20102,1
0,1,0,0,0,-1,-1,0,0,0,-1,0.19999,1
0,1,0,0,0,-1,-1,0,0,0,-1,0.19894,1
0,1,0,0,0,-1,-1,0,0,0,-1,0.19788,1
0,1,0,0,0,-1,-1,0,0,0,-1,0.1968,1
0,1,0,0,0,-1,-1,0,0,0,-1,0.19571,1
0,1,0,0,0,-1,-1,0,0,0,-1,0.19459,1
0,1,0,0,0,-1,-1,0,0,0,-1,0.19347,1
0,1,0,0,0,-1,-1,0,0,0,-1,0.19232,1
0,1,0,0,0,-1,-1,0,0,0,-1,0.19117,1
0,1,0,0,0,-1,-1,0,0,0,-1,0.19,1
0,1,0,0,0,-1,-1,0,0,0,-1,0.18881,1
0,1,0,0,0,-1,-1,0,0,0,-1,0.18761,1
0,1,0,0,0,-1,-1,0,0,0,-1,0.1864,1
0,1,0,0,0,-1,-1,0,0,0,-1,0.18517,1
0,1,0,0,0,-1,-1,0,0,0,-1,0.18393,1
0,1,0,0,0,-1,-1,0,0,0,-1,0.18268,1
0,1,0,0,0,-1,-1,0,0,0,-1,0.18142,1
0,1,0,0,0,-1,-1,0,0,0,-1,0.18014,1
0,1,0,0,0,-1,-1,0,0,0,-1,0.17886,1
0,1,0,0,0,-1,-1,0,0,0,-1,0.17756,1
0,1,0,0,0,-1,-1,0,0,0,-1,0.17625,1
0,1,0,0,0,-1,-1,0,0,0,-1,0.17493,1
0,1,0,0,0,-1,-1,0,0,0,-1,0.17359,1
0,1,0,0,0,-1,-1,0,0,0,-1,0.17225,1
0,1,0,0,0,-1,-1,0,0,0,-1,0.1709,1
0,1,0,0,0,-1,-1,0,0,0,-1,0.16954,1
0,1,0,0,0,-1,-1,0,0,0,-1,0.16817,1
0,1,0,0,0,-1,-1,0,0,0,-1,0.16679,1
0,1,0,0,0,-1,-1,0,0,0,-1,0.1654,1
0,1,0,0,0,-1,-1,0,0,0,-1,0.16401,1
0,1,0,0,0,-1,-1,0,0,0,-1,0.1626,1
0,1,0,0,0,-1,-1,0,0,0,-1,0.16119,1
0,1,0,0,0,-1,-1,0,0,0,-1,0.15977,1
0,1,0,0,0,-1,-1,0,0,0,-1,0.15834,1
0,1,0,0,0,-1,-1,0,0,0,-1,0.15691,1
0,1,0,0,0,-1,-1,0,0,0,-1,0.15547,1
0,1,0,0,0,-1,-1,0,0,0,-1,0.15402,1
0,1,0,0,0,-1,-1,0,0,0,-1,0.15257,1
0,1,0,0,0,-1,-1,0,0,0,-1,0.15111,1
0,1,0,0,0,-1,-1,0,0,0,-1,0.14965,1
0,1,0,0,0,-1,-1,0,0,0,-1,0.14818,1
0,1,0,0,0,-1,-1,0,0,0,-1,0.1467,1
0,1,0,0,0,-1,-1,0,0,0,-1,0.14523,1
0,1,0,0,0,-1,-1,0,0,0,-1,0.14375,1
0,1,0,0,0,-1,-1,0,0,0,-1,0.14226,1
0,1,0,0,0,-1,-1,0,0,0,-1,0.14077,1
0,1,0,0,0,-1,-1,0,0,0,-1,0.13928,1
0,1,0,0,0,-1,-1,0,0,0,-1,0.13778,1
0,1,0,0,0,-1,-1,0,0,0,-1,0.13629,1
0,1,0,0,0,-1,-1,0,0,0,-1,0.13479,1
0,1,0,0,0,-1,-1,0,0,0,-1,0.13328,1
0,1,0,0,0,-1,-1,0,0,0,-1,0.13178,1
0,1,0,0,0,-1,-1,0,0,0,-1,0.13027,1
0,1,0,0,0,-1,-1,0,0,0,-1,0.12877,1
0,1,0,0,0,-1,-1,0,0,0,-1,0.12726,1
0,1,0,0,0,-1,-1,0,0,0,-1,0.12575,1
0,1,0,0,0,-1,-1,0,0,0,-1,0.12425,1
0,1,0,0,0,-1,-1,0,0,0,-1,0.12274,1
0,1,0,0,0,-1,-1,0,0,0,-1,0.12123,1
0,1,0,0,0,-1,-1,0,0,0,-1,0.11973,1
0,1,0,0,0,-1,-1,0,0,0,-1,0.11822,1
0,1,0,0,0,-1,-1,0,0,0,-1,0.11672,1
0,1,0,0,0,-1,-1,0,0,0,-1,0.11521,1
0,1,0,0,0,-1,-1,0,0,0,-1,0.11371,1
0,1,0,0,0,-1,-1,0,0,0,-1,0.11222,1
0,1,0,0,0,-1,-1,0,0,0,-1,0.11072,1
0,1,0,0,0,-1,-1,0,0,0,-1,0.10923,1
0,1,0,0,0,-1,-1,0,0,0,-1,0.10774,1
0,1,0,0,0,-1,-1,0,0,0,-1,0.10625,1
0,1,0,0,0,-1,-1,0,0,0,-1,0.10477,1
0,1,0,0,0,-1,-1,0,0,0,-1,0.1033,1
0,1,0,0,0,-1,-1,0,0,0,-1,0.10182,1
0,1,0,0,0,-1,-1,0,0,0,-1,0.10035,1
0,1,0,0,0,-1,-1,0,0,0,-1,0.09889,1
0,1,0,0,0,-1,-1,0,0,0,-1,0.097432,1
0,1,0,0,0,-1,-1,0,0,0,-1,0.095979,1
0,1,0,0,0,-1,-1,0,0,0,-1,0.094533,1
0,1,0,0,0,-1,-1,0,0,0,-1,0.093092,1
0,1,0,0,0,-1,-1,0,0,0,-1,0.091659,1
0,1,0,0,0,-1,-1,0,0,0,-1,0.090232,1
0,1,0,0,0,-1,-1,0,0,0,-1,0.088812,1
0,1,0,0,0,-1,-1,0,0,0,-1,0.087399,1
0,1,0,0,0,-1,-1,0,0,0,-1,0.085995,1
0,1,0,0,0,-1,-1,0,0,0,-1,0.084598,1
0,1,0,0,0,-1,-1,0,0,0,-1,0.08321,1
0,1,0,0,0,-1,-1,0,0,0,-1,0.081831,1
0,1,0,0,0,-1,-1,0,0,0,-1,0.08046,1
0,1,0,0,0,-1,-1,0,0,0,-1,0.079099,1
0,1,0,0,0,-1,-1,0,0,0,-1,0.077747,1
0,1,0,0,0,-1,-1,0,0,0,-1,0.076406,1
0,1,0,0,0,-1,-1,0,0,0,-1,0.075074,1
0,1,0,0,0,-1,-1,0,0,0,-1,0.073753,1
0,1,0,0,0,-1,-1,0,0,0,-1,0.072443,1
0,1,0,0,0,-1,-1,0,0,0,-1,0.071144,1
0,1,0,0,0,-1,-1,0,0,0,-1,0.069856,1
0,1,0,0,0,-1,-1,0,0,0,-1,0.06858,1
0,1,0,0,0,-1,-1,0,0,0,-1,0.067317,1
0,1,0,0,0,-1,-1,0,0,0,-1,0.066065,1
0,1,0,0,0,-1,-1,0,0,0,-1,0.064826,1
0,1,0,0,0,-1,-1,0,0,0,-1,0.0636,1
0,1,0,0,0,-1,-1,0,0,0,-1,0.062387,1
0,1,0,0,0,-1,-1,0,0,0,-1,0.061188,1
0,1,0,0,0,-1,-1,0,0,0,-1,0.060003,1
0,1,0,0,0,-1,-1,0,0,0,-1,0.058832,1
0,1,0,0,0,-1,-1,0,0,0,-1,0.057675,1
0,1,0,0,0,-1,-1,0,0,0,-1,0.056533,1
0,1,0,0,0,-1,-1,0,0,0,-1,0.055406,1
0,1,0,0,0,-1,-1,0,0,0,-1,0.054295,1
0,1,0,0,0,-1,-1,0,0,0,-1,0.053199,1
0,1,0,0,0,-1,-1,0,0,0,-1,0.052119,1
0,1,0,0,0,-1,-1,0,0,0,-1,0.051056,1
0,1,0,0,0,-1,-1,0,0,0,-1,0.050009,1
0,1,0,0,0,-1,-1,0,0,0,-1,0.048979,1
0,1,0,0,0,-1,-1,0,0,0,-1,0.047966,1
0,1,0,0,0,-1,-1,0,0,0,-1,0.046971,1
0,1,0,0,0,-1,-1,0,0,0,-1,0.045993,1
0,1,0,0,0,-1,-1,0,0,0,-1,0.045034,1
0,1,0,0,0,-1,-1,0,0,0,-1,0.044093,1
0,1,0,0,0,-1,-1,0,0,0,-1,0.043171,1
0,1,0,0,0,-1,-1,0,0,0,-1,0.042268,1
0,1,0,0,0,-1,-1,0,0,0,-1,0.041384,1
0,1,0,0,0,-1,-1,0,0,0,-1,0.04052,1
0,1,0,0,0,-1,-1,0,0,0,-1,0.039676,1
0,1,0,0,0,-1,-1,0,0,0,-1,0.038852,1
0,1,0,0,0,-1,-1,0,0,0,-1,0.038048,1
0,1,0,0,0,-1,-1,0,0,0,-1,0.037266,1
0,1,0,0,0,-1,-1,0,0,0,-1,0.036504,1
0,1,0,0,0,-1,-1,0,0,0,-1,0.035764,1
0,1,0,0,0,-1,-1,0,0,0,-1,0.035046,1
0,1,0,0,0,-1,-1,0,0,0,-1,0.03435,1
0,1,0,0,0,-1,-1,0,0,0,-1,0.033676,1
0,1,0,0,0,-1,-1,0,0,0,-1,0.033025,1
0,1,0,0,0,-1,-1,0,0,0,-1,0.032397,1
0,1,0,0,0,-1,-1,0,0,0,-1,0.031793,1
0,1,0,0,0,-1,-1,0,0,0,-1,0.031212,1
0,1,0,0,0,-1,-1,0,0,0,-1,0.030654,1
0,1,0,0,0,-1,-1,0,0,0,-1,0.030121,1
0,1,0,0,0,-1,-1,0,0,0,-1,0.029613,1
0,1,0,0,0,-1,-1,0,0,0,-1,0.029129,1
0,1,0,0,0,-1,-1,0,0,0,-1,0.028671,1
0,1,0,0,0,-1,-1,0,0,0,-1,0.028238,1
0,1,0,0,0,-1,-1,0,0,0,-1,0.02783,1
0,1,0,0,0,-1,-1,0,0,0,-1,0.027449,1
0,1,0,0,0,-1,-1,0,0,0,-1,0.027094,1
0,1,0,0,0,-1,-1,0,0,0,-1,0.026766,1
0,1,0,0,0,-1,-1,0,0,0,-1,0.026464,1
0,1,0,0,0,-1,-1,0,0,0,-1,0.02619,1
0,1,0,0,0,-1,-1,0,0,0,-1,0.025944,1
0,1,0,0,0,-1,-1,0,0,0,-1,0.025725,1
0,1,0,0,0,-1,-1,0,0,0,-1,0.025534,1
0,1,0,0,0,-1,-1,0,0,0,-1,0.025372,1
0,1,0,0,0,-1,-1,0,0,0,-1,0.025239,1
0,1,0,0,0,-1,-1,0,0,0,-1,0.025135,1
0,1,0,0,0,-1,-1,0,0,0,-1,0.02506,1
0,1,0,0,0,-1,-1,0,0,0,-1,0.025015,1
0,1,0,0,0,-1,-1,0,0,0,-1,0.025,1
0,1,0,0,0,-1,-1,0,0,0,-1,0.025,0
0,1,0,0,0,-1,-1,0,0,0,-1,0.025,0
0,1,0,0,0,-1,-1,0,0,0,-1,0.025,0
0,1,0,0,0,-1,-1,0,0,0,-1,0.025,0
0,1,0,0,0,-1,-1,0,0,0,-1,0.025,0
0,1,0,0,0,-1,-1,0,0,0,-1,0.025,0
0,1,0,0,0,-1,-1,0,0,0,-1,0.025,0
0,1,0,0,0,-1,-1,0,0,0,-1,0.025,0
0,1,0,0,0,-1,-1,0,0,0,-1,0.025,0
0,1,0,0,0,-1,-1,0,0,0,-1,0.025,0
0,1,0,0,0,-1,-1,0,0,0,-1,0.025,0
0,1,0,0,0,-1,-1,0,0,0,-1,0.025,0
0,1,0,0,0,-1,-1,0,0,0,-1,0.025,0
0,1,0,0,0,-1,-1,0,0,0,-1,0.025,0
0,1,0,0,0,-1,-1,0,0,0,-1,0.025,0
0,1,0,0,0,-1,-1,0,0,0,-1,0.025,0
0,1,0,0,0,-1,-1,0,0,0,-1,0.025,0
0,1,0,0,0,-1,-1,0,0,0,-1,0.025,0
0,1,0,0,0,-1,-1,0,0,0,-1,0.025,0
0,1,0,0,0,-1,-1,0,0,0,-1,0.025,0
0,1,0,0,0,-1,-1,0,0,0,-1,0.025,0
0,1,0,0,0,-1,-1,0,0,0,-1,0.025,0
0,1,0,0,0,-1,-1,0,0,0,-1,0.025,0
0,1,0,0,0,-1,-1,0,0,0,-1,0.025,0
0,1,0,0,0,-1,-1,0,0,0,-1,0.025,0
0,1,0,0,0,-1,-1,0,0,0,-1,0.025,0
0,1,0,0,0,-1,-1,0,0,0,-1,0.025,0
0,1,0,0,0,-1,-1,0,0,0,-1,0.025,0
0,1,0,0,0,-1,-1,0,0,0,-1,0.025,0
0,1,0,0,0,-1,-1,0,0,0,-1,0.025,0
0,1,0,0,0,-1,-1,0,0,0,-1,0.025,0
0,1,0,0,0,-1,-1,0,0,0,-1,0.025,0
0,1,0,0,0,-1,-1,0,0,0,-1,0.025,0
0,1,0,0,0,-1,-1,0,0,0,-1,0.025,0
0,1,0,0,0,-1,-1,0,0,0,-1,0.025,0
0,1,0,0,0,-1,-1,0,0,0,-1,0.025,0
0,1,0,0,0,-1,-1,0,0,0,-1,0.025,0
0,1,0,0,0,-1,-1,0,0,0,-1,0.025,0
0,1,0,0,0,-1,-1,0,0,0,-1,0.025,0
0,1,0,0,0,-1,-1,0,0,0,-1,0.025,0
0,1,0,0,0,-1,-1,0,0,0,-1,0.025,0
0,1,0,0,0,-1,-1,0,0,0,-1,0.025,0
0,1,0,0,0,-1,-1,0,0,0,-1,0.025,0
0,1,0,0,0,-1,-1,0,0,0,-1,0.025,0
0,1,0,0,0,-1,-1,0,0,0,-1,0.025,0
0,1,0,0,0,-1,-1,0,0,0,-1,0.025,0
0,1,0,0,0,-1,-1,0,0,0,-1,0.025,0
0,1,0,0,0,-1,-1,0,0,0,-1,0.025,0
0,1,0,0,0,-1,-1,0,0,0,-1,0.025,0
0,1,0,0,0,-1,-1,0,0,0,-1,0.025,0
0,1,0,0,0,-1,-1,0,0,0,-1,0.025,0
0,1,0,0,0,-1,-1,0,0,0,-1,0.025,0
0,1,0,0,0,-1,-1,0,0,0,-1,0.025,0
0,1,0,0,0,-1,-1,0,0,0,-1,0.025,0
0,1,0,0,0,-1,-1,0,0,0,-1,0.025,0
0,1,0,0,0,-1,-1,0,0,0,-1,0.025,0
0,1,0,0,0,-1,-1,0,0,0,-1,0.025,0
0,1,0,0,0,-1,-1,0,0,0,-1,0.025,0
0,1,0,0,0,-1,-1,0,0,0,-1,0.025,0
0,1,0,0,0,-1,-1,0,0,0,-1,0.025,0
0,1,0,0,0,-1,-1,0,0,0,-1,0.025,0
0,1,0,0,0,-1,-1,0,0,0,-1,0.025,0
0,1,0,0,0,-1,-1,0,0,0,-1,0.025,0
0,1,0,0,0,-1,-1,0,0,0,-1,0.025,0
0,1,0,0,0,-1,-1,0,0,0,-1,0.025,0
0,1,0,0,0,-1,-1,0,0,0,-1,0.025,0
0,1,0,0,0,-1,-1,0,0,0,-1,0.025,0
0,1,0,0,0,-1,-1,0,0,0,-1,0.025,0
0,1,0,0,0,-1,-1,0,0,0,-1,0.025,0
0,1,0,0,0,-1,-1,0,0,0,-1,0.025,0
0,1,0,0,0,-1,-1,0,0,0,-1,0.025,0
0,1,0,0,0,-1,-1,0,0,0,-1,0.025,0
0,1,0,0,0,-1,-1,0,0,0,-1,0.025,0
0,1,0,0,0,-1,-1,0,0,0,-1,0.025,0
0,1,0,0,0,-1,-1,0,0,0,-1,0.025,0
0,1,0,0,0,-1,-1,0,0,0,-1,0.025,0
0,1,0,0,0,-1,-1,0,0,0,-1,0.025,0
0,1,0,0,0,-1,-1,0,0,0,-1,0.025,0
0,1,0,0,0,-1,-1,0,0,0,-1,0.025,0
0,1,0,0,0,-1,-1,0,0,0,-1,0.025,0
0,1,0,0,0,-1,-1,0,0,0,-1,0.025,0
0,1,0,0,0,-1,-1,0,0,0,-1,0.025,0
0,1,0,0,0,-1,-1,0,0,0,-1,0.025,0
0,1,0,0,0,-1,-1,0,0,0,-1,0.025,0
0,1,0,0,0,-1,-1,0,0,0,-1,0.025,0
0,1,0,0,0,-1,-1,0,0,0,-1,0.025,0
0,1,0,0,0,-1,-1,0,0,0,-1,0.025,0
0,1,0,0,0,-1,-1,0,0,0,-1,0.025,0
0,1,0,0,0,-1,-1,0,0,0,-1,0.025,0
0,1,0,0,0,-1,-1,0,0,0,-1,0.025,0
0,1,0,0,0,-1,-1,0,0,0,-1,0.025,0
0,1,0,0,0,-1,-1,0,0,0,-1,0.025,0
0,1,0,0,0,-1,-1,0,0,0,-1,0.025,0
0,1,0,0,0,-1,-1,0,0,0,-1,0.025,0
0,1,0,0,0,-1,-1,0,0,0,-1,0.025,0
0,1,0,0,0,-1,-1,0,0,0,-1,0.025,0
0,1,0,0,0,-1,-1,0,0,0,-1,0.025,0
0,1,0,0,0,-1,-1,0,0,0,-1,0.025,0
0,1,0,0,0,-1,-1,0,0,0,-1,0.025,0
0,1,0,0,0,-1,-1,0,0,0,-1,0.025,0
0,1,0,0,0,-1,-1,0,0,0,-1,0.025,0
0,1,0,0,0,-1,-1,0,0,0,-1,0.025,0
0,1,0,0,0,-1,-1,0,0,0,-1,0.025,0
0,1,0,0,0,-1,-1,0,0,0,-1,0.025,0
0,1,0,0,0,-1,-1,0,0,0,-1,0.025,0
0,1,0,0,0,-1,-1,0,0,0,-1,0.025,0
0,1,0,0,0,-1,-1,0,0,0,-1,0.025,0
0,1,0,0,0,-1,-1,0,0,0,-1,0.025,0
0,1,0,0,0,-1,-1,0,0,0,-1,0.025,0
0,1,0,0,0,-1,-1,0,0,0,-1,0.025,0
0,1,0,0,0,-1,-1,0,0,0,-1,0.025,0
0,1,0,0,0,-1,-1,0,0,0,-1,0.025,0
0,1,0,0,0,-1,-1,0,0,0,-1,0.025,0
0,1,0,0,0,-1,-1,0,0,0,-1,0.025,0
0,1,0,0,0,-1,-1,0,0,0,-1,0.025,0
0,1,0,0,0,-1,-1,0,0,0,-1,0.025,0
0,1,0,0,0,-1,-1,0,0,0,-1,0.025,0
0,1,0,0,0,-1,-1,0,0,0,-1,0.025,0
0,1,0,0,0,-1,-1,0,0,0,-1,0.025,0
0,1,0,0,0,-1,-1,0,0,0,-1,0.025,0
0,1,0,0,0,-1,-1,0,0,0,-1,0.025,0
0,1,0,0,0,-1,-1,0,0,0,-1,0.025,0
0,1,0,0,0,-1,-1,0,0,0,-1,0.025,0
0,1,0,0,0,-1,-1,0,0,0,-1,0.025,0
0,1,0,0,0,-1,-1,0,0,0,-1,0.025,0
0,1,0,0,0,-1,-1,0,0,0,-1,0.025,0
0,1,0,0,0,-1,-1,0,0,0,-1,0.025,0
0,1,0,0,0,-1,-1,0,0,0,-1,0.025,0
0,1,0,0,0,-1,-1,0,0,0,-1,0.025,0
0,1,0,0,0,-1,-1,0,0,0,-1,0.025,0
0,1,0,0,0,-1,-1,0,0,0,-1,0.025,0
0,1,0,0,0,-1,-1,0,0,0,-1,0.025,0
0,1,0,0,0,-1,-1,0,0,0,-1,0.025,0
0,1,0,0,0,-1,-1,0,0,0,-1,0.025,0
0,1,0,0,0,-1,-1,0,0,0,-1,0.025,0
0,1,0,0,0,-1,-1,0,0,0,-1,0.025,0
0,1,0,0,0,-1,-1,0,0,0,-1,0.025,0
0,1,0,0,0,-1,-1,0,0,0,-1,0.025,0
0,1,0,0,0,-1,-1,0,0,0,-1,0.025,0
0,1,0,0,0,-1,-1,0,0,0,-1,0.025,0
0,1,0,0,0,-1,-1,0,0,0,-1,0.025,0
0,1,0,0,0,-1,-1,0,0,0,-1,0.025,0
0,1,0,0,0,-1,-1,0,0,0,-1,0.025,0
0,1,0,0,0,-1,-1,0,0,0,-1,0.025,0
0,1,0,0,0,-1,-1,0,0,0,-1,0.025,0
0,1,0,0,0,-1,-1,0,0,0,-1,0.025,0
0,1,0,0,0,-1,-1,0,0,0,-1,0.025,0
0,1,0,0,0,-1,-1,0,0,0,-1,0.025,0
0,1,0,0,0,-1,-1,0,0,0,-1,0.025,0
0,1,0,0,0,-1,-1,0,0,0,-1,0.025,0
0,1,0,0,0,-1,-1,0,0,0,-1,0.025,0
0,1,0,0,0,-1,-1,0,0,0,-1,0.025,0
0,1,0,0,0,-1,-1,0,0,0,-1,0.025,0
0,1,0,0,0,-1,-1,0,0,0,-1,0.025,0
0,1,0,0,0,-1,-1,0,0,0,-1,0.025,0
0,1,0,0,0,-1,-1,0,0,0,-1,0.025,0
0,1,0,0,0,-1,-1,0,0,0,-1,0.025,0
0,1,0,0,0,-1,-1,0,0,0,-1,0.025,0
0,1,0,0,0,-1,-1,0,0,0,-1,0.025,0
0,1,0,0,0,-1,-1,0,0,0,-1,0.025,0
0,1,0,0,0,-1,-1,0,0,0,-1,0.025,0
0,1,0,0,0,-1,-1,0,0,0,-1,0.025,0
0,1,0,0,0,-1,-1,0,0,0,-1,0.025,0
0,1,0,0,0,-1,-1,0,0,0,-1,0.025,0
0,1,0,0,0,-1,-1,0,0,0,-1,0.025,0
0,1,0,0,0,-1,-1,0,0,0,-1,0.025,0
0,1,0,0,0,-1,-1,0,0,0,-1,0.025,0
0,1,0,0,0,-1,-1,0,0,0,-1,0.025,0
0,1,0,0,0,-1,-1,0,0,0,-1,0.025,0
0,1,0,0,0,-1,-1,0,0,0,-1,0.025,0
0,1,0,0,0,-1,-1,0,0,0,-1,0.025,0
0,1,0,0,0,-1,-1,0,0,0,-1,0.025,0
0,1,0,0,0,-1,-1,0,0,0,-1,0.025,0
0,1,0,0,0,-1,-1,0,0,0,-1,0.025,0
0,1,0,0,0,-1,-1,0,0,0,-1,0.025,0
0,1,0,0,0,-1,-1,0,0,0,-1,0.025,0
0,1,0,0,0,-1,-1,0,0,0,-1,0.025,0
0,1,0,0,0,-1,-1,0,0,0,-1,0.025,0
0,1,0,0,0,-1,-1,0,0,0,-1,0.025,0
0,1,0,0,0,-1,-1,0,0,0,-1,0.025,0
0,1,0,0,0,-1,-1,0,0,0,-1,0.025,0
0,1,0,0,0,-1,-1,0,0,0,-1,0.025,0
0,1,0,0,0,-1,-1,0,0,0,-1,0.025,0
0,1,0,0,0,-1,-1,0,0,0,-1,0.025,0
0,1,0,0,0,-1,-1,0,0,0,-1,0.025,0
0,1,0,0,0,-1,-1,0,0,0,-1,0.025,0
0,1,0,0,0,-1,-1,0,0,0,-1,0.025,0
0,1,0,0,0,-1,-1,0,0,0,-1,0.025,0
0,1,0,0,0,-1,-1,0,0,0,-1,0.025,0
0,1,0,0,0,-1,-1,0,0,0,-1,0.025,0
0,1,0,0,0,-1,-1,0,0,0,-1,0.025,0
0,1,0,0,0,-1,-1,0,0,0,-1,0.025,0
0,1,0,0,0,-1,-1,0,0,0,-1,0.025,0
0,1,0,0,0,-1,-1,0,0,0,-1,0.025,0
0,1,0,0,0,-1,-1,0,0,0,-1,0.025,0
0,1,0,0,0,-1,-1,0,0,0,-1,0.025,0
0,1,0,0,0,-1,-1,0,0,0,-1,0.025,0
0,1,0,0,0,-1,-1,0,0,0,-1,0.025,0
0,1,0,0,0,-1,-1,0,0,0,-1,0.025,0
0,1,0,0,0,-1,-1,0,0,0,-1,0.025,0
0,1,0,0,0,-1,-1,0,0,0,-1,0.025,0
0,1,0,0,0,-1,-1,0,0,0,-1,0.025015,0
0,1,0,0,0,-1,-1,0,0,0,-1,0.02506,0
0,1,0,0,0,-1,-1,0,0,0,-1,0.025135,0
0,1,0,0,0,-1,-1,0,0,0,-1,0.025239,0
0,1,0,0,0,-1,-1,0,0,0,-1,0.025372,0
0,1,0,0,0,-1,-1,0,0,0,-1,0.025534,0
0,1,0,0,0,-1,-1,0,0,0,-1,0.025725,0
0,1,0,0,0,-1,-1,0,0,0,-1,0.025944,0
0,1,0,0,0,-1,-1,0,0,0,-1,0.02619,0
0,1,0,0,0,-1,-1,0,0,0,-1,0.026464,0
0,1,0,0,0,-1,-1,0,0,0,-1,0.026766,0
0,1,0,0,0,-1,-1,0,0,0,-1,0.027094,0
0,1,0,0,0,-1,-1,0,0,0,-1,0.027449,0
0,1,0,0,0,-1,-1,0,0,0,-1,0.02783,0
0,1,0,0,0,-1,-1,0,0,0,-1,0.028238,0
0,1,0,0,0,-1,-1,0,0,0,-1,0.028671,0
0,1,0,0,0,-1,-1,0,0,0,-1,0.029129,0
0,1,0,0,0,-1,-1,0,0,0,-1,0.029613,0
0,1,0,0,0,-1,-1,0,0,0,-1,0.030121,0
0,1,0,0,0,-1,-1,0,0,0,-1,0.030654,0
0,1,0,0,0,-1,-1,0,0,0,-1,0.031212,0
0,1,0,0,0,-1,-1,0,0,0,-1,0.031793,0
0,1,0,0,0,-1,-1,0,0,0,-1,0.032397,0
0,1,0,0,0,-1,-1,0,0,0,-1,0.033025,0
0,1,0,0,0,-1,-1,0,0,0,-1,0.033676,0
0,1,0,0,0,-1,-1,0,0,0,-1,0.03435,0
0,1,0,0,0,-1,-1,0,0,0,-1,0.035046,0
0,1,0,0,0,-1,-1,0,0,0,-1,0.035764,0
0,1,0,0,0,-1,-1,0,0,0,-1,0.036504,0
0,1,0,0,0,-1,-1,0,0,0,-1,0.037266,0
0,1,0,0,0,-1,-1,0,0,0,-1,0.038048,0
0,1,0,0,0,-1,-1,0,0,0,-1,0.038852,0
0,1,0,0,0,-1,-1,0,0,0,-1,0.039676,0
0,1,0,0,0,-1,-1,0,0,0,-1,0.04052,0
0,1,0,0,0,-1,-1,0,0,0,-1,0.041384,0
0,1,0,0,0,-1,-1,0,0,0,-1,0.042268,0
0,1,0,0,0,-1,-1,0,0,0,-1,0.043171,0
0,1,0,0,0,-1,-1,0,0,0,-1,0.044093,0
0,1,0,0,0,-1,-1,0,0,0,-1,0.045034,0
0,1,0,0,0,-1,-1,0,0,0,-1,0.045993,0
0,1,0,0,0,-1,-1,0,0,0,-1,0.046971,0
0,1,0,0,0,-1,-1,0,0,0,-1,0.047966,0
0,1,0,0,0,-1,-1,0,0,0,-1,0.048979,0
0,1,0,0,0,-1,-1,0,0,0,-1,0.050009,0
0,1,0,0,0,-1,-1,0,0,0,-1,0.051056,0
0,1,0,0,0,-1,-1,0,0,0,-1,0.052119,0
0,1,0,0,0,-1,-1,0,0,0,-1,0.053199,0
0,1,0,0,0,-1,-1,0,0,0,-1,0.054295,0
0,1,0,0,0,-1,-1,0,0,0,-1,0.055406,0
0,1,0,0,0,-1,-1,0,0,0,-1,0.056533,0
0,1,0,0,0,-1,-1,0,0,0,-1,0.057675,0
0,1,0,0,0,-1,-1,0,0,0,-1,0.058832,0
0,1,0,0,0,-1,-1,0,0,0,-1,0.060003,0
0,1,0,0,0,-1,-1,0,0,0,-1,0.061188,0
0,1,0,0,0,-1,-1,0,0,0,-1,0.062387,0
0,1,0,0,0,-1,-1,0,0,0,-1,0.0636,0
0,1,0,0,0,-1,-1,0,0,0,-1,0.064826,0
0,1,0,0,0,-1,-1,0,0,0,-1,0.066065,0
0,1,0,0,0,-1,-1,0,0,0,-1,0.067317,0
0,1,0,0,0,-1,-1,0,0,0,-1,0.06858,0
0,1,0,0,0,-1,-1,0,0,0,-1,0.069856,0
0,1,0,0,0,-1,-1,0,0,0,-1,0.071144,0
0,1,0,0,0,-1,-1,0,0,0,-1,0.072443,0
0,1,0,0,0,-1,-1,0,0,0,-1,0.073753,0
0,1,0,0,0,-1,-1,0,0,0,-1,0.075074,0
0,1,0,0,0,-1,-1,0,0,0,-1,0.076406,0
0,1,0,0,0,-1,-1,0,0,0,-1,0.077747,0
0,1,0,0,0,-1,-1,0,0,0,-1,0.079099,0
0,1,0,0,0,-1,-1,0,0,0,-1,0.08046,0
0,1,0,0,0,-1,-1,0,0,0,-1,0.081831,0
0,1,0,0,0,-1,-1,0,0,0,-1,0.08321,0
0,1,0,0,0,-1,-1,0,0,0,-1,0.084598,0
0,1,0,0,0,-1,-1,0,0,0,-1,0.085995,0
0,1,0,0,0,-1,-1,0,0,0,-1,0.087399,0
0,1,0,0,0,-1,-1,0,0,0,-1,0.088812,0
0,1,0,0,0,-1,-1,0,0,0,-1,0.090232,0
0,1,0,0,0,-1,-1,0,0,0,-1,0.091659,0
0,1,0,0,0,-1,-1,0,0,0,-1,0.093092,0
0,1,0,0,0,-1,-1,0,0,0,-1,0.094533,0
0,1,0,0,0,-1,-1,0,0,0,-1,0.095979,0
0,1,0,0,0,-1,-1,0,0,0,-1,0.097432,0
0,1,0,0,0,-1,-1,0,0,0,-1,0.09889,0
0,1,0,0,0,-1,-1,0,0,0,-1,0.10035,0
0,1,0,0,0,-1,-1,0,0,0,-1,0.10182,0
0,1,0,0,0,-1,-1,0,0,0,-1,0.1033,0
0,1,0,0,0,-1,-1,0,0,0,-1,0.10477,0
0,1,0,0,0,-1,-1,0,0,0,-1,0.10625,0
0,1,0,0,0,-1,-1,0,0,0,-1,0.10774,0
0,1,0,0,0,-1,-1,0,0,0,-1,0.10923,0
0,1,0,0,0,-1,-1,0,0,0,-1,0.11072,0
0,1,0,0,0,-1,-1,0,0,0,-1,0.11222,0
0,1,0,0,0,-1,-1,0,0,0,-1,0.11371,0
0,1,0,0,0,-1,-1,0,0,0,-1,0.11521,0
0,1,0,0,0,-1,-1,0,0,0,-1,0.11672,0
0,1,0,0,0,-1,-1,0,0,0,-1,0.11822,0
0,1,0,0,0,-1,-1,0,0,0,-1,0.11973,0
0,1,0,0,0,-1,-1,0,0,0,-1,0.12123,0
0,1,0,0,0,-1,-1,0,0,0,-1,0.12274,0
0,1,0,0,0,-1,-1,0,0,0,-1,0.12425,0
0,1,0,0,0,-1,-1,0,0,0,-1,0.12575,0
0,1,0,0,0,-1,-1,0,0,0,-1,0.12726,0
0,1,0,0,0,-1,-1,0,0,0,-1,0.12877,0
0,1,0,0,0,-1,-1,0,0,0,-1,0.13027,0
0,1,0,0,0,-1,-1,0,0,0,-1,0.13178,0
0,1,0,0,0,-1,-1,0,0,0,-1,0.13328,0
0,1,0,0,0,-1,-1,0,0,0,-1,0.13479,0
0,1,0,0,0,-1,-1,0,0,0,-1,0.13629,0
0,1,0,0,0,-1,-1,0,0,0,-1,0.13778,0
0,1,0,0,0,-1,-1,0,0,0,-1,0.13928,0
0,1,0,0,0,-1,-1,0,0,0,-1,0.14077,0
0,1,0,0,0,-1,-1,0,0,0,-1,0.14226,0
0,1,0,0,0,-1,-1,0,0,0,-1,0.14375,0
0,1,0,0,0,-1,-1,0,0,0,-1,0.14523,0
0,1,0,0,0,-1,-1,0,0,0,-1,0.1467,0
0,1,0,0,0,-1,-1,0,0,0,-1,0.14818,0
0,1,0,0,0,-1,-1,0,0,0,-1,0.14965,0
0,1,0,0,0,-1,-1,0,0,0,-1,0.15111,0
0,1,0,0,0,-1,-1,0,0,0,-1,0.15257,0
0,1,0,0,0,-1,-1,0,0,0,-1,0.15402,0
0,1,0,0,0,-1,-1,0,0,0,-1,0.15547,0
0,1,0,0,0,-1,-1,0,0,0,-1,0.15691,0
0,1,0,0,0,-1,-1,0,0,0,-1,0.15834,0
0,1,0,0,0,-1,-1,0,0,0,-1,0.15977,0
0,1,0,0,0,-1,-1,0,0,0,-1,0.16119,0
0,1,0,0,0,-1,-1,0,0,0,-1,0.1626,0
0,1,0,0,0,-1,-1,0,0,0,-1,0.16401,0
0,1,0,0,0,-1,-1,0,0,0,-1,0.1654,0
0,1,0,0,0,-1,-1,0,0,0,-1,0.16679,0
0,1,0,0,0,-1,-1,0,0,0,-1,0.16817,0
0,1,0,0,0,-1,-1,0,0,0,-1,0.16954,0
0,1,0,0,0,-1,-1,0,0,0,-1,0.1709,0
0,1,0,0,0,-1,-1,0,0,0,-1,0.17225,0
0,1,0,0,0,-1,-1,0,0,0,-1,0.17359,0
0,1,0,0,0,-1,-1,0,0,0,-1,0.17493,0
0,1,0,0,0,-1,-1,0,0,0,-1,0.17625,0
0,1,0,0,0,-1,-1,0,0,0,-1,0.17756,0
0,1,0,0,0,-1,-1,0,0,0,-1,0.17886,0
0,1,0,0,0,-1,-1,0,0,0,-1,0.18014,0
0,1,0,0,0,-1,-1,0,0,0,-1,0.18142,0
0,1,0,0,0,-1,-1,0,0,0,-1,0.18268,0
0,1,0,0,0,-1,-1,0,0,0,-1,0.18393,0
0,1,0,0,0,-1,-1,0,0,0,-1,0.18517,0
0,1,0,0,0,-1,-1,0,0,0,-1,0.1864,0
0,1,0,0,0,-1,-1,0,0,0,-1,0.18761,0
0,1,0,0,0,-1,-1,0,0,0,-1,0.18881,0
0,1,0,0,0,-1,-1,0,0,0,-1,0.19,0
0,1,0,0,0,-1,-1,0,0,0,-1,0.19117,0
0,1,0,0,0,-1,-1,0,0,0,-1,0.19232,0
0,1,0,0,0,-1,-1,0,0,0,-1,0.19347,0
0,1,0,0,0,-1,-1,0,0,0,-1,0.19459,0
0,1,0,0,0,-1,-1,0,0,0,-1,0.19571,0
0,1,0,0,0,-1,-1,0,0,0,-1,0.1968,0
0,1,0,0,0,-1,-1,0,0,0,-1,0.19788,0
0,1,0,0,0,-1,-1,0,0,0,-1,0.19894,0
0,1,0,0,0,-1,-1,0,0,0,-1,0.19999,0
0,1,0,0,0,-1,-1,0,0,0,-1,0.20102,0
0,1,0,0,0,-1,-1,0,0,0,-1,0.20203,0
0,1,0,0,0,-1,-1,0,0,0,-1,0.20303,0
0,1,0,0,0,-1,-1,0,0,0,-1,0.20401,0
0,1,0,0,0,-1,-1,0,0,0,-1,0.20497,0
0,1,0,0,0,-1,-1,0,0,0,-1,0.20591,0
0,1,0,0,0,-1,-1,0,0,0,-1,0.20683,0
0,1,0,0,0,-1,-1,0,0,0,-1,0.20773,0
0,1,0,0,0,-1,-1,0,0,0,-1,0.20862,0
0,1,0,0,0,-1,-1,0,0,0,-1,0.20948,0
0,1,0,0,0,-1,-1,0,0,0,-1,0.21032,0
0,1,0,0,0,-1,-1,0,0,0,-1,0.21115,0
0,1,0,0,0,-1,-1,0,0,0,-1,0.21195,0
0,1,0,0,0,-1,-1,0,0,0,-1,0.21273,0
0,1,0,0,0,-1,-1,0,0,0,-1,0.2135,0
0,1,0,0,0,-1,-1,0,0,0,-1,0.21424,0
0,1,0,0,0,-1,-1,0,0,0,-1,0.21495,0
0,1,0,0,0,-1,-1,0,0,0,-1,0.21565,0
0,1,0,0,0,-1,-1,0,0,0,-1,0.21632,0
0,1,0,0,0,-1,-1,0,0,0,-1,0.21697,0
0,1,0,0,0,-1,-1,0,0,0,-1,0.2176,0
0,1,0,0,0,-1,-1,0,0,0,-1,0.21821,0
0,1,0,0,0,-1,-1,0,0,0,-1,0.21879,0
0,1,0,0,0,-1,-1,0,0,0,-1,0.21935,0
0,1,0,0,0,-1,-1,0,0,0,-1,0.21988,0
0,1,0,0,0,-1,-1,0,0,0,-1,0.22039,0
0,1,0,0,0,-1,-1,0,0,0,-1,0.22087,0
0,1,0,0,0,-1,-1,0,0,0,-1,0.22133,0
0,1,0,0,0,-1,-1,0,0,0,-1,0.22176,0
0,1,0,0,0,-1,-1,0,0,0,-1,0.22217,0
0,1,0,0,0,-1,-1,0,0,0,-1,0.22255,0
0,1,0,0,0,-1,-1,0,0,0,-1,0.22291,0
0,1,0,0,0,-1,-1,0,0,0,-1,0.22323,0
0,1,0,0,0,-1,-1,0,0,0,-1,0.22354,0
0,1,0,0,0,-1,-1,0,0,0,-1,0.22381,0
0,1,0,0,0,-1,-1,0,0,0,-1,0.22406,0
0,1,0,0,0,-1,-1,0,0,0,-1,0.22428,0
0,1,0,0,0,-1,-1,0,0,0,-1,0.22447,0
0,1,0,0,0,-1,-1,0,0,0,-1,0.22463,0
0,1,0,0,0,-1,-1,0,0,0,-1,0.22476,0
0,1,0,0,0,-1,-1,0,0,0,-1,0.22487,0
0,1,0,0,0,-1,-1,0,0,0,-1,0.22494,0
0,1,0,0,0,-1,-1,0,0,0,-1,0.22498,0
0,1,0,0,0,-1,-1,0,0,0,-1,0.225,0
